{
    "version": 2,
    "active": {
        "improvableskills:parchment_fragment": {
            "improvableskills:ability_scrolls/anvil": true,
            "improvableskills:ability_scrolls/crafter": true,
            "improvableskills:ability_scrolls/enchanting": true,
            "improvableskills:ability_scrolls/magnetism": true
        },
        "minecraft:crafting": {
            "improvableskills:skills_book": true,
            "improvableskills:minecraft/paper": true
        }
    },
    "unregistered": {}
}