{
  "livingmotion_modifier": {
    "two_hand": {
      "idle": "wom:biped/living/solar_idle",
      "run": "wom:biped/living/solar_run",
      "walk": "wom:biped/living/solar_walk"
    }
  },
  "styles": {
    "default": "two_hand",
    "cases": [
      {
        "conditions": [
          {
            "predicate": "epicfight:offhand_item_category",
            "category": "not_weapon"
          }
        ],
        "style": "two_hand"
      }
    ]
  },
  "collider": {
    "center": [
      0.0,
      0.0,
      -1.0
    ],
    "number": 6,
    "size": [
      0.5,
      0.8,
      1.0
    ]
  },
  "hit_particle": "wom:solar_cut",
  "category": "greatsword",
  "swing_sound": "epicfight:entity.weapon.whoosh_hard",
  "combos": {
    "two_hand": [
      "wom:biped/combat/torment_auto_1",
      "wom:biped/combat/torment_auto_2",
      "wom:biped/combat/solar_auto_2",
      "wom:biped/combat/solar_obscuridad_auto_1",
      "wom:biped/combat/torment_charged_attack_2",
      "wom:biped/combat/solar_obscuridad_dinamita"
    ]
  },
  "hit_sound": "epicfight:entity.hit.blade",
  "innate_skills": {
    "two_hand": "wom:true_berserk"
  },
  "usable_in_offhand": false
}