{
  "livingmotion_modifier": {
    "one_hand": {
      "idle": "epicfight:biped/living/hold_longsword",
      "run": "epicfight:biped/living/run_longsword",
      "block": "epicfight:biped/skill/guard_longsword",
      "walk": "epicfight:biped/living/walk_longsword"
    }
  },
  "styles": {
    "default": "one_hand",
    "cases": [
      {
        "conditions": [
          {
            "predicate": "epicfight:offhand_item_category",
            "category": "shield"
          }
        ],
        "style": "one_hand"
      }
    ]
  },
  "collider": {
    "center": [
      0.0,
      0.0,
      -0.75
    ],
    "number": 3,
    "size": [
      0.4,
      0.4,
      0.8
    ]
  },
  "hit_particle": "wom:solar_obscuridad_hit",
  "category": "sword",
  "swing_sound": "epicfight:entity.weapon.whoosh_rod",
  "combos": {
    "one_hand": [
      "wom:biped/combat/herrscher_auto_2",
      "wom:biped/combat/herrscher_auto_3",
      "wom:biped/combat/herrscher_auto_1",
      "wom:biped/combat/herrscher_befreiung",
      "wom:biped/combat/herrscher_ausrottung"
    ]
  },
  "hit_sound": "epicfight:entity.hit.blade",
  "innate_skills": {
    "one_hand": "wom:agony_plunge"
  }
}