{
  "config": {
    "percentageExtraMaxHealth": 30.0,
    "percentageExtraSpeed": 0.0,
    "percentageExtraFlySpeed": 0.0,
    "percentageExtraAttack": 30.0,
    "percentageExtraArmor": 30.0,
    "percentageExtraAttackSpeed": 0.0,
    "percentageExtraArmorThougness": 30.0,
    "percentageExtraAttackKnockback": 30.0,
    "percentageExtraKnockbackResistance": 30.0,
    "percentageExtraLuck": 30.0,
    "percentageExtraSwimSpeed": 0.0,
    "percentageExtraBlockReach": 0.0,
    "percentageExtraEntityReach": 0.0,
    "percentageExtraStepHeightAddition": 0.0,
    "isEnable": true
  }
}