[
    {
        "dimension": "minecraft:overworld",
        "mob": "shifu_epic_fight_skill_recipe:martialbandit",
        "mincount": {
          "amount": 3,
          "mob": "shifu_epic_fight_skill_recipe:martialbandit"
        },
        "result": "deny"
    },
    {
      "mob": "guerreros_elementales:general_lubu",
      "when": "finalize",
      "result": "allow",
      "healthset": 80,
      "damagemultiply": 0.01
    },

    {
      "mod": "guerreros_elementales",
      "when": "onjoin",
      "result": "deny"
    },


    {
      "mod": "guerreros_elementales",
      "when": "finalize",
      "result": "allow",
      "healthset": 100
    },

    {
      "mob": "guerreros_elementales:wukong_boss",
      "when": "finalize",
      "result": "allow",
      "healthmultiply": 1,
      "damagemultiply": 0.02
    },
    
    {
      "mob": "guerreros_elementales:wukong_mini",
      "when": "finalize",
      "result": "deny"
    },

    {
      "mob": "annoying_villagers:blue_demon",
      "when": "finalize",
      "result": "allow",
      "healthset": 200,

      "followrangeset": 100,
      "speedmultiply": 2,
      "damageset": 1
    },

    {
      "mob": "alexscaves:tremorzilla",
      "when": "onjoin",
      "angry": true,
      "healthset": 500,
      "followrangeset": 100
    },

      {
      "mob": ["gr_rpg_quest:ashina_soldier", "guerreros_elementales:ronin",
      "gr_rpg_quest:ashina_assassin",
      "gr_rpg_quest:ashina_guard",
      "gr_rpg_quest:ashina_soldier",
      "gr_rpg_quest:challenge_boss_spawner",
      "gr_rpg_quest:dark_souls_boss_spawner",
      "gr_rpg_quest:elden_ring_boss_spawner",
      "gr_rpg_quest:guard_spawner",
      "gr_rpg_quest:mage_spawner",
      "gr_rpg_quest:samurai_spawner",
      "gr_rpg_quest:shogun_spawner",
      "gr_rpg_quest:mini_boss_spawner",
      "gr_rpg_quest:royal_guard_spawner"
      ],
      "when": "onjoin",
      "result": "deny"
  },


    {
        "mob": ["gr_rpg_quest:ashina_soldier", "guerreros_elementales:ronin",
        "gr_rpg_quest:ashina_assassin",
        "gr_rpg_quest:ashina_guard",
        "gr_rpg_quest:ashina_soldier",
        "gr_rpg_quest:challenge_boss_spawner",
        "gr_rpg_quest:dark_souls_boss_spawner",
        "gr_rpg_quest:elden_ring_boss_spawner",
        "gr_rpg_quest:guard_spawner",
        "gr_rpg_quest:mage_spawner",
        "gr_rpg_quest:samurai_spawner",
        "gr_rpg_quest:shogun_spawner",
        "gr_rpg_quest:mini_boss_spawner",
        "gr_rpg_quest:royal_guard_spawner"
        ],
        "when": "onjoin",
        "result": "deny"
    },


    {
        "dimension": "minecraft:overworld",
        "mob": "gr_rpg_quest:ashina_guard",
        "mincount": {
          "amount": 3,
          "mob": "gr_rpg_quest:ashina_guard"
        },
        "result": "deny"
    },
    
    {
      "mod": "mutantmonsters",
      "when": "position",
      "result": "deny"
    },

    {
      "mod": "mutantmonsters",
      "mincount": {
        "amount": 2,
        "mod": "mutantmonsters"
      },
      "result": "deny"
    },

    {
      "dimension": "minecraft:overworld",
      "mod": "mutantmonsters",
      "when": "onjoin",
      "mincount": {
        "amount": 1,
        "mod": "mutantmonsters"
      },

      "healthmultiply": 1.5,
      "damagemultiply": 2,
      "speedmultiply": 1.2,

      "followrangeset": 50,

      "result": "allow"
    },

    {
      "mob": ["minecraft:zombie"],
      "when": "finalize",
      "result": "allow",
      "random": 0.05,
      "armorhelmet": ["annoying_villagers:enchanted_diamond_helmet"],
      "armorchest": ["annoying_villagers:enchanted_diamond_chestplate"],
      "armorlegs": ["annoying_villagers:enchanted_diamond_leggings"],
      "armorboots": ["annoying_villagers:enchanted_diamond_boots"],
      "armormultiply": 2,
      "healthset": 50,
      "speedmultiply": 2.5,
      "customname": "The Second Coming",


      "helditem": ["annoying_villagers:legendary_sword"],
      "nbt": {
        "DropChances": [0.0, 0.0, 0.0, 0.0, 0.0],
        "DeathLootTable": "minecraft:empty",
        "ActiveEffects": [
          {
            "Id": 12,
            "Duration": 10000,
            "Amplifier": 0,
            "Ambient": 1,
            "ShowParticles": 0,
            "ShowIcon": 0
          }
        ]
  
      }
  
  },

    {
        "mob": ["minecraft:zombie"],
        "when": "finalize",
        "result": "allow",
        "random": 0.05,
        "armorchest": ["minecraft:golden_chestplate"],
        "armorlegs": ["minecraft:golden_leggings"],
        "armorboots": ["minecraft:golden_boots"],
        "armormultiply": 3,
        "healthset": 36,
        "damagemultiply": 2,

        "helditem": ["annoying_villagers:blue_flame_sword", "annoying_villagers:broken_great_sword", "annoying_villagers:charged_diamond_blaster_sword", "annoying_villagers:charged_diamond_sickle", "annoying_villagers:crafting_table", "annoying_villagers:diamond_armblades", "annoying_villagers:diamond_blaster_sword", "annoying_villagers:diamond_bolt", "annoying_villagers:diamond_claw_knife", "annoying_villagers:diamond_dagger", "annoying_villagers:diamond_falchion", "annoying_villagers:diamond_greataxe", "annoying_villagers:diamond_greatsword", "annoying_villagers:diamond_hook_sword", "annoying_villagers:diamond_laevateinn", "annoying_villagers:diamond_longsword", "annoying_villagers:diamond_long_blade", "annoying_villagers:diamond_long_knife", "annoying_villagers:diamond_mace", "annoying_villagers:diamond_rapier", "annoying_villagers:diamond_scissors", "annoying_villagers:diamond_sharp_blade", "annoying_villagers:diamond_sickle", "annoying_villagers:diamond_spear", "annoying_villagers:double_diamond_glaive", "annoying_villagers:enchanted_oak_door", "annoying_villagers:fishing_rod", "annoying_villagers:flame_knife", "annoying_villagers:golden_hook_sword", "annoying_villagers:golden_longsword", "annoying_villagers:great_sword", "annoying_villagers:knife", "annoying_villagers:knife_with_tnt", "annoying_villagers:legendary_sword", "annoying_villagers:oak_door", "annoying_villagers:paladin_s_sword", "annoying_villagers:purple_diamond_longsword", "annoying_villagers:red_steel_axe", "annoying_villagers:red_steel_axe_basic", "annoying_villagers:red_steel_axe_long", "annoying_villagers:ruby_greatsword", "annoying_villagers:ruby_knight_sword", "annoying_villagers:ruby_sword", "annoying_villagers:thunder_diamond_battleaxe", "annoying_villagers:thunder_diamond_twin_bladed_battleaxe", "annoying_villagers:villager_knight_sword", "annoying_villagers:woopie"]
    },

    {
        "mob": ["minecraft:zombie"],
        "when": "finalize",
        "result": "allow",
        "random": 0.4,
        "armorhelmet": ["minecraft:iron_helmet"],
        "armorchest": ["minecraft:iron_chestplate"],
        "armormultiply": 2,
        "healthset": 28,
        "damagemultiply": 2,

        "helditem": ["annoying_villagers:blue_flame_sword", "annoying_villagers:broken_great_sword", "annoying_villagers:charged_diamond_blaster_sword", "annoying_villagers:charged_diamond_sickle", "annoying_villagers:crafting_table", "annoying_villagers:diamond_armblades", "annoying_villagers:diamond_blaster_sword", "annoying_villagers:diamond_bolt", "annoying_villagers:diamond_claw_knife", "annoying_villagers:diamond_dagger", "annoying_villagers:diamond_falchion", "annoying_villagers:diamond_greataxe", "annoying_villagers:diamond_greatsword", "annoying_villagers:diamond_hook_sword", "annoying_villagers:diamond_laevateinn", "annoying_villagers:diamond_longsword", "annoying_villagers:diamond_long_blade", "annoying_villagers:diamond_long_knife", "annoying_villagers:diamond_mace", "annoying_villagers:diamond_rapier", "annoying_villagers:diamond_scissors", "annoying_villagers:diamond_sharp_blade", "annoying_villagers:diamond_sickle", "annoying_villagers:diamond_spear", "annoying_villagers:double_diamond_glaive", "annoying_villagers:enchanted_oak_door", "annoying_villagers:fishing_rod", "annoying_villagers:flame_knife", "annoying_villagers:golden_hook_sword", "annoying_villagers:golden_longsword", "annoying_villagers:great_sword", "annoying_villagers:knife", "annoying_villagers:knife_with_tnt", "annoying_villagers:legendary_sword", "annoying_villagers:oak_door", "annoying_villagers:paladin_s_sword", "annoying_villagers:purple_diamond_longsword", "annoying_villagers:red_steel_axe", "annoying_villagers:red_steel_axe_basic", "annoying_villagers:red_steel_axe_long", "annoying_villagers:ruby_greatsword", "annoying_villagers:ruby_knight_sword", "annoying_villagers:ruby_sword", "annoying_villagers:thunder_diamond_battleaxe", "annoying_villagers:thunder_diamond_twin_bladed_battleaxe", "annoying_villagers:villager_knight_sword", "annoying_villagers:woopie"]
    },

    {
        "mob": ["minecraft:zombie", "minecraft:skeleton", "minecraft:husk"],
        "when": "finalize",
        "result": "allow",
        "random": 0.3,
        "helditem": ["annoying_villagers:blue_flame_sword", "annoying_villagers:broken_great_sword", "annoying_villagers:charged_diamond_blaster_sword", "annoying_villagers:charged_diamond_sickle", "annoying_villagers:crafting_table", "annoying_villagers:diamond_armblades", "annoying_villagers:diamond_blaster_sword", "annoying_villagers:diamond_bolt", "annoying_villagers:diamond_claw_knife", "annoying_villagers:diamond_dagger", "annoying_villagers:diamond_falchion", "annoying_villagers:diamond_greataxe", "annoying_villagers:diamond_greatsword", "annoying_villagers:diamond_hook_sword", "annoying_villagers:diamond_laevateinn", "annoying_villagers:diamond_longsword", "annoying_villagers:diamond_long_blade", "annoying_villagers:diamond_long_knife", "annoying_villagers:diamond_mace", "annoying_villagers:diamond_rapier", "annoying_villagers:diamond_scissors", "annoying_villagers:diamond_sharp_blade", "annoying_villagers:diamond_sickle", "annoying_villagers:diamond_spear", "annoying_villagers:double_diamond_glaive", "annoying_villagers:enchanted_oak_door", "annoying_villagers:fishing_rod", "annoying_villagers:flame_knife", "annoying_villagers:golden_hook_sword", "annoying_villagers:golden_longsword", "annoying_villagers:great_sword", "annoying_villagers:knife", "annoying_villagers:knife_with_tnt", "annoying_villagers:legendary_sword", "annoying_villagers:oak_door", "annoying_villagers:paladin_s_sword", "annoying_villagers:purple_diamond_longsword", "annoying_villagers:red_steel_axe", "annoying_villagers:red_steel_axe_basic", "annoying_villagers:red_steel_axe_long", "annoying_villagers:ruby_greatsword", "annoying_villagers:ruby_knight_sword", "annoying_villagers:ruby_sword", "annoying_villagers:thunder_diamond_battleaxe", "annoying_villagers:thunder_diamond_twin_bladed_battleaxe", "annoying_villagers:villager_knight_sword", "annoying_villagers:woopie"]
    },

    {
      "hostile": true,
      "when": "finalize",
      "result": "allow",
      "healthmultiply": 1.2
    }

    
    
]