[
    { 
        "mob": [  
          "mutantmonsters:mutant_skeleton",
          "mutantmonsters:mutant_zombie",
          "mutantmonsters:mutant_enderman"
        ],

        "persecond": 0.02, 
        "attempts": 15, 

        "amount": { 
          "minimum": 1, 
          "maximum": 1  
        },

        "conditions": { 
          "dimension": "minecraft:overworld", 
          "mindist": 20, 
          "maxdist": 85,
          "norestrictions": true, 
          "inwater": false,
          "maxthis": 1,
          "minheight": 60
          
        }
      }

]