{
  "__comment": [
    "Mobs will be able to equip items declared here",
    "The first number is the weight while the second number is the quality",
    "Weight is the weight of an item. Higher weight means that the item is more likely to get choosen",
    "Quality is a modifier applied to the weight. The final weight used is weight + quality * current difficulty"
  ],
  "MAINHAND": {
    "aquamirae:coral_lance": [
      11841,
      4.662123
    ],
    "aquamirae:dagger_of_greed": [
      14282,
      0.019699998
    ],
    "aquamirae:divider": [
      10649,
      7.172319
    ],
    "aquamirae:fin_cutter": [
      12714,
      2.0735214
    ],
    "aquamirae:poisoned_blade": [
      13585,
      0.94598794
    ],
    "aquamirae:remnants_saber": [
      14265,
      0.021399999
    ],
    "aquamirae:sweet_lance": [
      11841,
      4.662123
    ],
    "aquamirae:terrible_sword": [
      13139,
      1.5193686
    ],
    "aquamirae:whisper_of_the_abyss": [
      11841,
      4.662123
    ],
    "cataclysm:athame": [
      14010,
      0.0469
    ],
    "cataclysm:black_steel_axe": [
      13052,
      1.6320775
    ],
    "cataclysm:black_steel_sword": [
      13139,
      1.5193686
    ],
    "cataclysm:final_fractal": [
      2917,
      23.563541
    ],
    "cataclysm:khopesh": [
      13160,
      1.4922183
    ],
    "cataclysm:zweiender": [
      2917,
      23.563541
    ],
    "cdmoveset:a_yamato": [
      11035,
      6.3678803
    ],
    "cdmoveset:a_yamato_in_sheath": [
      11035,
      6.3678803
    ],
    "cdmoveset:a_yamato_sheath": [
      11035,
      6.3678803
    ],
    "cdmoveset:great_tachi": [
      10875,
      6.701589
    ],
    "cdmoveset:katana": [
      11627,
      5.1228175
    ],
    "cdmoveset:s_diamonddagger": [
      11782,
      4.790248
    ],
    "cdmoveset:s_diamondgreatsword": [
      11552,
      5.2822285
    ],
    "cdmoveset:s_diamondlongsword": [
      11707,
      4.951788
    ],
    "cdmoveset:s_diamondspear": [
      11707,
      4.951788
    ],
    "cdmoveset:s_diamondsword": [
      11707,
      4.951788
    ],
    "cdmoveset:s_diamondtachi": [
      11707,
      4.951788
    ],
    "cdmoveset:s_irondagger": [
      14027,
      0.045199998
    ],
    "cdmoveset:s_irongreatsword": [
      13796,
      0.670341
    ],
    "cdmoveset:s_ironlongsword": [
      13964,
      0.37663084
    ],
    "cdmoveset:s_ironspear": [
      13964,
      0.37663084
    ],
    "cdmoveset:s_ironsword": [
      13964,
      0.37663084
    ],
    "cdmoveset:s_irontachi": [
      13964,
      0.37663084
    ],
    "cdmoveset:s_netheritedagger": [
      10962,
      6.5202
    ],
    "cdmoveset:s_netheritegreatsword": [
      10735,
      6.9932466
    ],
    "cdmoveset:s_netheritelongsword": [
      10875,
      6.701589
    ],
    "cdmoveset:s_netheritesword": [
      10875,
      6.701589
    ],
    "cdmoveset:s_netheritetachi": [
      10875,
      6.701589
    ],
    "cdmoveset:yamato": [
      11035,
      6.3678803
    ],
    "dungeons_plus:leviathan_blade": [
      12702,
      2.0892968
    ],
    "dungeons_plus:warped_axe": [
      13797,
      0.66898584
    ],
    "eeeabsmobs:demolisher": [
      9260,
      10.0682
    ],
    "eeeabsmobs:guardian_axe": [
      9105,
      10.392489
    ],
    "eeeabsmobs:immortal_axe": [
      13879,
      0.5526204
    ],
    "eeeabsmobs:immortal_sword": [
      13904,
      0.5130528
    ],
    "eeeabsmobs:netherworld_katana": [
      9121,
      10.359001
    ],
    "ef_weapon_extended:diamond_knuckles": [
      11799,
      4.753436
    ],
    "ef_weapon_extended:gold_knuckles": [
      14366,
      0.011299999
    ],
    "ef_weapon_extended:iron_knuckles": [
      14039,
      0.044
    ],
    "ef_weapon_extended:netherite_knuckles": [
      10983,
      6.476395
    ],
    "epicfight:bokken": [
      14352,
      0.0127
    ],
    "epicfight:diamond_dagger": [
      11782,
      4.790248
    ],
    "epicfight:diamond_greatsword": [
      11552,
      5.2822285
    ],
    "epicfight:diamond_longsword": [
      11707,
      4.951788
    ],
    "epicfight:diamond_spear": [
      11736,
      4.889481
    ],
    "epicfight:diamond_tachi": [
      11707,
      4.951788
    ],
    "epicfight:glove": [
      14032,
      0.044699997
    ],
    "epicfight:golden_dagger": [
      14420,
      0.0058999998
    ],
    "epicfight:golden_greatsword": [
      14189,
      0.028999997
    ],
    "epicfight:golden_longsword": [
      14381,
      0.009799999
    ],
    "epicfight:golden_spear": [
      14398,
      0.0081
    ],
    "epicfight:golden_tachi": [
      14381,
      0.009799999
    ],
    "epicfight:iron_dagger": [
      14027,
      0.045199998
    ],
    "epicfight:iron_greatsword": [
      13796,
      0.670341
    ],
    "epicfight:iron_longsword": [
      13964,
      0.37663084
    ],
    "epicfight:iron_spear": [
      13989,
      0.049
    ],
    "epicfight:iron_tachi": [
      13964,
      0.37663084
    ],
    "epicfight:netherite_dagger": [
      10962,
      6.5202
    ],
    "epicfight:netherite_greatsword": [
      10735,
      6.9932466
    ],
    "epicfight:netherite_longsword": [
      10875,
      6.701589
    ],
    "epicfight:netherite_spear": [
      10908,
      6.632802
    ],
    "epicfight:netherite_tachi": [
      10875,
      6.701589
    ],
    "epicfight:stone_greatsword": [
      14011,
      0.0468
    ],
    "epicfight:stone_spear": [
      14213,
      0.026599998
    ],
    "epicfight:uchigatana": [
      11627,
      5.1228175
    ],
    "gr_rpg_quest:grave_lord_scythe": [
      11145,
      6.138076
    ],
    "gr_rpg_quest:heavy_longsword": [
      11183,
      6.05859
    ],
    "gr_rpg_quest:master_katana": [
      11329,
      5.7525697
    ],
    "gr_rpg_quest:moonlight_greatsword": [
      11081,
      6.2718263
    ],
    "hunters_return:mini_crossbow": [
      12311,
      3.5422027
    ],
    "iceandfire:amphithere_macuahuitl": [
      13585,
      0.94598794
    ],
    "iceandfire:copper_axe": [
      13904,
      0.5130528
    ],
    "iceandfire:copper_sword": [
      13942,
      0.44120392
    ],
    "iceandfire:dragonbone_axe": [
      11468,
      5.459938
    ],
    "iceandfire:dragonbone_bow": [
      11511,
      5.3690643
    ],
    "iceandfire:dragonbone_sword": [
      11538,
      5.311902
    ],
    "iceandfire:dragonbone_sword_fire": [
      10909,
      6.6307178
    ],
    "iceandfire:dragonbone_sword_ice": [
      10909,
      6.6307178
    ],
    "iceandfire:dragonbone_sword_lightning": [
      10909,
      6.6307178
    ],
    "iceandfire:dragonsteel_fire_axe": [
      13,
      29.865591
    ],
    "iceandfire:dragonsteel_fire_sword": [
      285,
      29.272722
    ],
    "iceandfire:dragonsteel_ice_axe": [
      13,
      29.865591
    ],
    "iceandfire:dragonsteel_ice_sword": [
      285,
      29.272722
    ],
    "iceandfire:dragonsteel_lightning_axe": [
      13,
      29.865591
    ],
    "iceandfire:dragonsteel_lightning_sword": [
      285,
      29.272722
    ],
    "iceandfire:dread_knight_sword": [
      12125,
      4.0215507
    ],
    "iceandfire:dread_queen_sword": [
      285,
      29.272722
    ],
    "iceandfire:dread_sword": [
      14265,
      0.021399999
    ],
    "iceandfire:ghost_sword": [
      9149,
      10.300405
    ],
    "iceandfire:hippocampus_slapper": [
      13624,
      0.89580816
    ],
    "iceandfire:hippogryph_sword": [
      13552,
      0.988363
    ],
    "iceandfire:myrmex_desert_axe": [
      13369,
      1.2230678
    ],
    "iceandfire:myrmex_desert_sword": [
      13415,
      1.1640399
    ],
    "iceandfire:myrmex_desert_sword_venom": [
      13415,
      1.1640399
    ],
    "iceandfire:myrmex_jungle_axe": [
      13369,
      1.2230678
    ],
    "iceandfire:myrmex_jungle_sword": [
      13415,
      1.1640399
    ],
    "iceandfire:myrmex_jungle_sword_venom": [
      13415,
      1.1640399
    ],
    "iceandfire:silver_axe": [
      13607,
      0.91769844
    ],
    "iceandfire:silver_sword": [
      13653,
      0.8583848
    ],
    "iceandfire:stymphalian_bird_dagger": [
      13564,
      0.9729605
    ],
    "iceandfire:troll_weapon_axe": [
      13655,
      0.8557993
    ],
    "iceandfire:troll_weapon_column": [
      13655,
      0.8557993
    ],
    "iceandfire:troll_weapon_column_forest": [
      13655,
      0.8557993
    ],
    "iceandfire:troll_weapon_column_frost": [
      13655,
      0.8557993
    ],
    "iceandfire:troll_weapon_hammer": [
      13655,
      0.8557993
    ],
    "iceandfire:troll_weapon_trunk": [
      13655,
      0.8557993
    ],
    "iceandfire:troll_weapon_trunk_frost": [
      13655,
      0.8557993
    ],
    "illager_additions:katana": [
      13989,
      0.049
    ],
    "illager_additions:master_katana": [
      10908,
      6.632802
    ],
    "illager_additions:royal_guard_spear": [
      13935,
      0.45638117
    ],
    "illager_additions:spear": [
      13964,
      0.37663084
    ],
    "ironbows:diamond_bow": [
      6535,
      15.81233
    ],
    "ironbows:diamond_crossbow": [
      5695,
      17.60044
    ],
    "ironbows:emerald_bow": [
      5767,
      17.446877
    ],
    "ironbows:emerald_crossbow": [
      4765,
      19.58867
    ],
    "ironbows:golden_bow": [
      12551,
      2.2883818
    ],
    "ironbows:golden_crossbow": [
      12981,
      1.7243363
    ],
    "ironbows:iron_bow": [
      11143,
      6.142258
    ],
    "ironbows:iron_crossbow": [
      11275,
      5.8658876
    ],
    "ironbows:netherite_bow": [
      3463,
      22.386015
    ],
    "ironbows:netherite_crossbow": [
      1975,
      25.60084
    ],
    "irons_spellbooks:amethyst_rapier": [
      11707,
      4.951788
    ],
    "irons_spellbooks:autoloader_crossbow": [
      12205,
      3.826627
    ],
    "irons_spellbooks:claymore": [
      12590,
      2.236861
    ],
    "irons_spellbooks:keeper_flamberge": [
      12549,
      2.2910256
    ],
    "irons_spellbooks:magehunter": [
      11736,
      4.889481
    ],
    "irons_spellbooks:misery": [
      12557,
      2.280451
    ],
    "irons_spellbooks:spellbreaker": [
      11637,
      5.1015
    ],
    "legendary_monsters:anchor_handle": [
      13989,
      0.049
    ],
    "legendary_monsters:axe_of_lightning": [
      14245,
      0.0234
    ],
    "legendary_monsters:chorus_blade": [
      13114,
      1.5517184
    ],
    "legendary_monsters:chorus_cannon": [
      12079,
      4.129458
    ],
    "legendary_monsters:dinosaur_bone_club": [
      11522,
      5.345786
    ],
    "legendary_monsters:fiery_jaw": [
      13139,
      1.5193686
    ],
    "legendary_monsters:golden_halbert": [
      13977,
      0.26597553
    ],
    "legendary_monsters:heart_of_tornado": [
      12681,
      2.1169202
    ],
    "legendary_monsters:knights_sword": [
      13989,
      0.049
    ],
    "legendary_monsters:monstrous_anchor": [
      12358,
      3.3958056
    ],
    "legendary_monsters:sand_cannon": [
      12079,
      4.129458
    ],
    "legendary_monsters:sharp_battle_axe": [
      13114,
      1.5517184
    ],
    "legendary_monsters:sharp_sai": [
      13989,
      0.049
    ],
    "legendary_monsters:soul_great_sword": [
      10295,
      7.9092336
    ],
    "legendary_monsters:the_great_frost": [
      13114,
      1.5517184
    ],
    "legendary_monsters:void_sword": [
      13989,
      0.049
    ],
    "minecraft:bow": [
      11911,
      4.508568
    ],
    "minecraft:crossbow": [
      12205,
      3.826627
    ],
    "minecraft:diamond_axe": [
      11674,
      5.022479
    ],
    "minecraft:diamond_sword": [
      11736,
      4.889481
    ],
    "minecraft:enchanted_book": [
      12879,
      1.8573177
    ],
    "minecraft:golden_axe": [
      14335,
      0.014399999
    ],
    "minecraft:golden_sword": [
      14398,
      0.0081
    ],
    "minecraft:iron_axe": [
      13902,
      0.51635593
    ],
    "minecraft:iron_sword": [
      13989,
      0.049
    ],
    "minecraft:lingering_potion{Potion:\"minecraft:harming\"}": [
      12979,
      1.7269388
    ],
    "minecraft:netherite_axe": [
      10838,
      6.778693
    ],
    "minecraft:netherite_sword": [
      10908,
      6.632802
    ],
    "minecraft:snowball": [
      13929,
      0.46844563
    ],
    "minecraft:splash_potion{Potion:\"minecraft:harming\"}": [
      12979,
      1.7269388
    ],
    "minecraft:stone_axe": [
      14105,
      0.0374
    ],
    "minecraft:stone_sword": [
      14213,
      0.026599998
    ],
    "minecraft:tnt": [
      12779,
      1.9881918
    ],
    "minecraft:trident": [
      11979,
      4.357304
    ],
    "minecraft:wooden_axe": [
      14289,
      0.019
    ],
    "minecraft:wooden_sword": [
      14352,
      0.0127
    ],
    "mowziesmobs:blowgun": [
      12079,
      4.129458
    ],
    "mowziesmobs:wrought_axe": [
      13902,
      0.51635593
    ],
    "refm:amethyst_rapier_compat": [
      9589,
      9.38079
    ],
    "refm:diamond_rapier": [
      11736,
      4.889481
    ],
    "refm:enderite_rapier": [
      9514,
      9.537388
    ],
    "refm:gold_rapier": [
      14398,
      0.0081
    ],
    "refm:iron_rapier": [
      13989,
      0.049
    ],
    "refm:netherite_rapier": [
      10908,
      6.632802
    ],
    "refm:oceanite_rapier": [
      9514,
      9.537388
    ],
    "refm:witherite_rapier": [
      9514,
      9.537388
    ],
    "simplyswords:arcanethyst": [
      8674,
      11.295764
    ],
    "simplyswords:awakened_lichblade": [
      8674,
      11.295764
    ],
    "simplyswords:bramblethorn": [
      8768,
      11.098565
    ],
    "simplyswords:brimstone_claymore": [
      8684,
      11.274778
    ],
    "simplyswords:caelestis": [
      8684,
      11.274778
    ],
    "simplyswords:decaying_relic": [
      8731,
      11.176172
    ],
    "simplyswords:diamond_chakram": [
      11761,
      4.8356147
    ],
    "simplyswords:diamond_claymore": [
      11674,
      5.022479
    ],
    "simplyswords:diamond_cutlass": [
      11736,
      4.889481
    ],
    "simplyswords:diamond_glaive": [
      11736,
      4.889481
    ],
    "simplyswords:diamond_greataxe": [
      11637,
      5.1015
    ],
    "simplyswords:diamond_greathammer": [
      11596,
      5.1888037
    ],
    "simplyswords:diamond_halberd": [
      11637,
      5.1015
    ],
    "simplyswords:diamond_katana": [
      11736,
      4.889481
    ],
    "simplyswords:diamond_longsword": [
      11736,
      4.889481
    ],
    "simplyswords:diamond_rapier": [
      11761,
      4.8356147
    ],
    "simplyswords:diamond_sai": [
      11799,
      4.753436
    ],
    "simplyswords:diamond_scythe": [
      11707,
      4.951788
    ],
    "simplyswords:diamond_spear": [
      11736,
      4.889481
    ],
    "simplyswords:diamond_twinblade": [
      11736,
      4.889481
    ],
    "simplyswords:diamond_warglaive": [
      11736,
      4.889481
    ],
    "simplyswords:dormant_relic": [
      8768,
      11.098565
    ],
    "simplyswords:emberblade": [
      8768,
      11.098565
    ],
    "simplyswords:emberlash": [
      8855,
      10.916151
    ],
    "simplyswords:enigma": [
      8674,
      11.295764
    ],
    "simplyswords:flamewind": [
      8768,
      11.098565
    ],
    "simplyswords:frostfall": [
      8690,
      11.26219
    ],
    "simplyswords:gold_chakram": [
      14411,
      0.0068
    ],
    "simplyswords:gold_claymore": [
      14360,
      0.011899999
    ],
    "simplyswords:gold_cutlass": [
      14398,
      0.0081
    ],
    "simplyswords:gold_glaive": [
      14398,
      0.0081
    ],
    "simplyswords:gold_greataxe": [
      14335,
      0.014399999
    ],
    "simplyswords:gold_greathammer": [
      14306,
      0.0173
    ],
    "simplyswords:gold_halberd": [
      14335,
      0.014399999
    ],
    "simplyswords:gold_katana": [
      14398,
      0.0081
    ],
    "simplyswords:gold_longsword": [
      14398,
      0.0081
    ],
    "simplyswords:gold_rapier": [
      14411,
      0.0068
    ],
    "simplyswords:gold_sai": [
      14425,
      0.0053999997
    ],
    "simplyswords:gold_scythe": [
      14381,
      0.009799999
    ],
    "simplyswords:gold_spear": [
      14398,
      0.0081
    ],
    "simplyswords:gold_twinblade": [
      14398,
      0.0081
    ],
    "simplyswords:gold_warglaive": [
      14398,
      0.0081
    ],
    "simplyswords:harbinger": [
      8768,
      11.098565
    ],
    "simplyswords:hearthflame": [
      8662,
      11.320946
    ],
    "simplyswords:hiveheart": [
      8674,
      11.295764
    ],
    "simplyswords:icewhisper": [
      8674,
      11.295764
    ],
    "simplyswords:iron_chakram": [
      14010,
      0.0469
    ],
    "simplyswords:iron_claymore": [
      13935,
      0.45638117
    ],
    "simplyswords:iron_cutlass": [
      13989,
      0.049
    ],
    "simplyswords:iron_glaive": [
      13989,
      0.049
    ],
    "simplyswords:iron_greataxe": [
      13902,
      0.51635593
    ],
    "simplyswords:iron_greathammer": [
      13865,
      0.57356006
    ],
    "simplyswords:iron_halberd": [
      13902,
      0.51635593
    ],
    "simplyswords:iron_katana": [
      13989,
      0.049
    ],
    "simplyswords:iron_longsword": [
      13989,
      0.049
    ],
    "simplyswords:iron_rapier": [
      14010,
      0.0469
    ],
    "simplyswords:iron_sai": [
      14040,
      0.043899998
    ],
    "simplyswords:iron_scythe": [
      13964,
      0.37663084
    ],
    "simplyswords:iron_spear": [
      13989,
      0.049
    ],
    "simplyswords:iron_twinblade": [
      13989,
      0.049
    ],
    "simplyswords:iron_warglaive": [
      13989,
      0.049
    ],
    "simplyswords:livyatan": [
      8731,
      11.176172
    ],
    "simplyswords:magiblade": [
      8768,
      11.098565
    ],
    "simplyswords:magiscythe": [
      8731,
      11.176172
    ],
    "simplyswords:magispear": [
      8731,
      11.176172
    ],
    "simplyswords:mjolnir": [
      8768,
      11.098565
    ],
    "simplyswords:molten_edge": [
      8731,
      11.176172
    ],
    "simplyswords:netherite_chakram": [
      10937,
      6.5723376
    ],
    "simplyswords:netherite_claymore": [
      10838,
      6.778693
    ],
    "simplyswords:netherite_cutlass": [
      10908,
      6.632802
    ],
    "simplyswords:netherite_glaive": [
      10908,
      6.632802
    ],
    "simplyswords:netherite_greataxe": [
      10797,
      6.8641124
    ],
    "simplyswords:netherite_greathammer": [
      10791,
      6.876611
    ],
    "simplyswords:netherite_halberd": [
      10797,
      6.8641124
    ],
    "simplyswords:netherite_katana": [
      10908,
      6.632802
    ],
    "simplyswords:netherite_longsword": [
      10908,
      6.632802
    ],
    "simplyswords:netherite_rapier": [
      10937,
      6.5723376
    ],
    "simplyswords:netherite_sai": [
      10983,
      6.476395
    ],
    "simplyswords:netherite_scythe": [
      10875,
      6.701589
    ],
    "simplyswords:netherite_spear": [
      10908,
      6.632802
    ],
    "simplyswords:netherite_twinblade": [
      10908,
      6.632802
    ],
    "simplyswords:netherite_warglaive": [
      10908,
      6.632802
    ],
    "simplyswords:ribboncleaver": [
      8674,
      11.295764
    ],
    "simplyswords:righteous_relic": [
      8768,
      11.098565
    ],
    "simplyswords:runic_chakram": [
      10908,
      6.632802
    ],
    "simplyswords:runic_claymore": [
      10797,
      6.8641124
    ],
    "simplyswords:runic_cutlass": [
      10875,
      6.701589
    ],
    "simplyswords:runic_glaive": [
      10875,
      6.701589
    ],
    "simplyswords:runic_greataxe": [
      10791,
      6.876611
    ],
    "simplyswords:runic_greathammer": [
      10781,
      6.8974404
    ],
    "simplyswords:runic_halberd": [
      10791,
      6.876611
    ],
    "simplyswords:runic_katana": [
      10875,
      6.701589
    ],
    "simplyswords:runic_longsword": [
      10875,
      6.701589
    ],
    "simplyswords:runic_rapier": [
      10908,
      6.632802
    ],
    "simplyswords:runic_sai": [
      10962,
      6.5202
    ],
    "simplyswords:runic_scythe": [
      10838,
      6.778693
    ],
    "simplyswords:runic_spear": [
      10875,
      6.701589
    ],
    "simplyswords:runic_twinblade": [
      10875,
      6.701589
    ],
    "simplyswords:runic_warglaive": [
      10875,
      6.701589
    ],
    "simplyswords:shadowsting": [
      8893,
      10.836505
    ],
    "simplyswords:slumbering_lichblade": [
      8674,
      11.295764
    ],
    "simplyswords:soulkeeper": [
      8662,
      11.320946
    ],
    "simplyswords:soulpyre": [
      8674,
      11.295764
    ],
    "simplyswords:soulrender": [
      8731,
      11.176172
    ],
    "simplyswords:soulstealer": [
      8855,
      10.916151
    ],
    "simplyswords:stars_edge": [
      8768,
      11.098565
    ],
    "simplyswords:stormbringer": [
      8768,
      11.098565
    ],
    "simplyswords:storms_edge": [
      8768,
      11.098565
    ],
    "simplyswords:sunfire": [
      8768,
      11.098565
    ],
    "simplyswords:sword_on_a_stick": [
      14314,
      0.0165
    ],
    "simplyswords:tainted_relic": [
      8768,
      11.098565
    ],
    "simplyswords:tempest": [
      8855,
      10.916151
    ],
    "simplyswords:thunderbrand": [
      8674,
      11.295764
    ],
    "simplyswords:toxic_longsword": [
      8768,
      11.098565
    ],
    "simplyswords:twisted_blade": [
      8731,
      11.176172
    ],
    "simplyswords:waking_lichblade": [
      8674,
      11.295764
    ],
    "simplyswords:watcher_claymore": [
      8684,
      11.274778
    ],
    "simplyswords:watching_warglaive": [
      8768,
      11.098565
    ],
    "simplyswords:waxweaver": [
      8684,
      11.274778
    ],
    "simplyswords:whisperwind": [
      8768,
      11.098565
    ],
    "simplyswords:wickpiercer": [
      8731,
      11.176172
    ],
    "slu:aatrox_sword": [
      11300,
      5.8134465
    ],
    "slu:barbarian_club": [
      11300,
      5.8134465
    ],
    "slu:berserk_greatsword": [
      11300,
      5.8134465
    ],
    "slu:black_blade": [
      11300,
      5.8134465
    ],
    "slu:black_dagger": [
      11300,
      5.8134465
    ],
    "slu:black_katana": [
      11300,
      5.8134465
    ],
    "slu:blessed_dagger": [
      11300,
      5.8134465
    ],
    "slu:blessed_hammer": [
      11300,
      5.8134465
    ],
    "slu:blood_blade": [
      11300,
      5.8134465
    ],
    "slu:blood_spell_longsword": [
      11300,
      5.8134465
    ],
    "slu:blood_trident": [
      11300,
      5.8134465
    ],
    "slu:bloodmoon_aatrox_sword": [
      11300,
      5.8134465
    ],
    "slu:chaos_knight_sword": [
      11300,
      5.8134465
    ],
    "slu:charred_axe": [
      11300,
      5.8134465
    ],
    "slu:charred_silver_sword": [
      11300,
      5.8134465
    ],
    "slu:chosen_pantheon_spear": [
      11300,
      5.8134465
    ],
    "slu:cinder_king_greatsword": [
      11300,
      5.8134465
    ],
    "slu:claymore": [
      11300,
      5.8134465
    ],
    "slu:cogwheel": [
      11300,
      5.8134465
    ],
    "slu:creator_staff": [
      11419,
      5.563274
    ],
    "slu:crucible_knight_spear": [
      11300,
      5.8134465
    ],
    "slu:crucible_knight_sword": [
      11300,
      5.8134465
    ],
    "slu:crystal_glaive": [
      11300,
      5.8134465
    ],
    "slu:dagger": [
      11392,
      5.6201253
    ],
    "slu:dark_axe": [
      11300,
      5.8134465
    ],
    "slu:dark_spear": [
      11300,
      5.8134465
    ],
    "slu:darkmoon_greatsword": [
      11300,
      5.8134465
    ],
    "slu:devil_hand": [
      11419,
      5.563274
    ],
    "slu:divine_spear": [
      11300,
      5.8134465
    ],
    "slu:divine_sword": [
      11300,
      5.8134465
    ],
    "slu:double_barrel_shotgun": [
      11419,
      5.563274
    ],
    "slu:dragon_guardian_spear": [
      11300,
      5.8134465
    ],
    "slu:dragon_slayer_axe": [
      11300,
      5.8134465
    ],
    "slu:drx_aatrox_sword": [
      11300,
      5.8134465
    ],
    "slu:elderwood_jingubang": [
      11300,
      5.8134465
    ],
    "slu:executioner_sword": [
      11300,
      5.8134465
    ],
    "slu:farron_dagger": [
      11300,
      5.8134465
    ],
    "slu:farron_greatsword": [
      11300,
      5.8134465
    ],
    "slu:folded_saw_cleaver": [
      11300,
      5.8134465
    ],
    "slu:godfrey_axe": [
      11300,
      5.8134465
    ],
    "slu:godskin_peeler": [
      11300,
      5.8134465
    ],
    "slu:grand_trial_sword": [
      11161,
      6.1046157
    ],
    "slu:grave_lord_sword": [
      11300,
      5.8134465
    ],
    "slu:great_battle_hammer": [
      11300,
      5.8134465
    ],
    "slu:greathammer": [
      11300,
      5.8134465
    ],
    "slu:greatsword": [
      11300,
      5.8134465
    ],
    "slu:greedy_sword": [
      11300,
      5.8134465
    ],
    "slu:green_crystal_staff": [
      11300,
      5.8134465
    ],
    "slu:gundyr_axespear": [
      11300,
      5.8134465
    ],
    "slu:halberd": [
      11300,
      5.8134465
    ],
    "slu:highnoon_knight_axe": [
      11300,
      5.8134465
    ],
    "slu:hunter_axe": [
      11300,
      5.8134465
    ],
    "slu:jingubang": [
      11300,
      5.8134465
    ],
    "slu:justicar_aatrox_sword": [
      11300,
      5.8134465
    ],
    "slu:kaiser_mace": [
      11300,
      5.8134465
    ],
    "slu:lance_of_longinus": [
      11300,
      5.8134465
    ],
    "slu:legendary_aatrox_sword": [
      11300,
      5.8134465
    ],
    "slu:legendary_black_blade": [
      11300,
      5.8134465
    ],
    "slu:legendary_blood_blade": [
      11300,
      5.8134465
    ],
    "slu:legendary_blood_trident": [
      11300,
      5.8134465
    ],
    "slu:legendary_bloodmoon_aatrox_sword": [
      11300,
      5.8134465
    ],
    "slu:legendary_cinder_king_sword": [
      11300,
      5.8134465
    ],
    "slu:legendary_crucible_knight_sword": [
      11300,
      5.8134465
    ],
    "slu:legendary_dragon_guardian_spear": [
      11300,
      5.8134465
    ],
    "slu:legendary_dragon_slayer_axe": [
      11300,
      5.8134465
    ],
    "slu:legendary_drx_aatrox_sword": [
      11300,
      5.8134465
    ],
    "slu:legendary_executioner_sword": [
      11300,
      5.8134465
    ],
    "slu:legendary_godfrey_axe": [
      11300,
      5.8134465
    ],
    "slu:legendary_godskin_peeler": [
      11300,
      5.8134465
    ],
    "slu:legendary_green_crystal_staff": [
      11300,
      5.8134465
    ],
    "slu:legendary_gundyr_axespear": [
      11300,
      5.8134465
    ],
    "slu:legendary_jingubang": [
      11300,
      5.8134465
    ],
    "slu:legendary_justicar_aatrox_sword": [
      11300,
      5.8134465
    ],
    "slu:legendary_lightning_spear": [
      11300,
      5.8134465
    ],
    "slu:legendary_lightning_spell_sword": [
      11300,
      5.8134465
    ],
    "slu:legendary_lunar_eclipse_aatrox_sword": [
      11300,
      5.8134465
    ],
    "slu:legendary_mace": [
      11300,
      5.8134465
    ],
    "slu:legendary_magic_staff": [
      11419,
      5.563274
    ],
    "slu:legendary_marika_hammer": [
      11300,
      5.8134465
    ],
    "slu:legendary_mecha_aatrox_sword": [
      11300,
      5.8134465
    ],
    "slu:legendary_morgott_cursed_sword": [
      11300,
      5.8134465
    ],
    "slu:legendary_ornstein_spear": [
      11300,
      5.8134465
    ],
    "slu:legendary_prestige_bloodmoon_aatrox_sword": [
      11300,
      5.8134465
    ],
    "slu:legendary_prestige_drx_aatrox_sword": [
      11300,
      5.8134465
    ],
    "slu:legendary_primordian_aatrox_sword": [
      11300,
      5.8134465
    ],
    "slu:legendary_radahn_lightning_sword": [
      11300,
      5.8134465
    ],
    "slu:legendary_slave_knight_sword": [
      11300,
      5.8134465
    ],
    "slu:legendary_soul_of_cinder_sword": [
      11300,
      5.8134465
    ],
    "slu:legendary_spiral_sword": [
      11300,
      5.8134465
    ],
    "slu:legendary_storm_curved_sword": [
      11300,
      5.8134465
    ],
    "slu:legendary_victorious_aatrox_sword": [
      11300,
      5.8134465
    ],
    "slu:legendary_warrior_king_axe": [
      11300,
      5.8134465
    ],
    "slu:legendary_wolf_knight_sword": [
      11300,
      5.8134465
    ],
    "slu:lightning_spear": [
      11300,
      5.8134465
    ],
    "slu:lightning_spell_sword": [
      11300,
      5.8134465
    ],
    "slu:longsword": [
      11300,
      5.8134465
    ],
    "slu:lunar_eclipse_aatrox_sword": [
      11300,
      5.8134465
    ],
    "slu:mace": [
      11300,
      5.8134465
    ],
    "slu:malenia_sword": [
      11300,
      5.8134465
    ],
    "slu:margit_wand": [
      11300,
      5.8134465
    ],
    "slu:marika_hammer": [
      11300,
      5.8134465
    ],
    "slu:master_staff": [
      11300,
      5.8134465
    ],
    "slu:mecha_aatrox_sword": [
      11300,
      5.8134465
    ],
    "slu:mercury_hammer": [
      11365,
      5.676922
    ],
    "slu:moonlight_sword": [
      11300,
      5.8134465
    ],
    "slu:morgott_cursed_sword": [
      11300,
      5.8134465
    ],
    "slu:night_crow_sword": [
      11300,
      5.8134465
    ],
    "slu:nightbringer_sword": [
      11300,
      5.8134465
    ],
    "slu:noble_sword": [
      11365,
      5.676922
    ],
    "slu:notch_sword": [
      11300,
      5.8134465
    ],
    "slu:oni_blade": [
      11300,
      5.8134465
    ],
    "slu:ornstein_spear": [
      11300,
      5.8134465
    ],
    "slu:prestige_bloodmoon_aatrox_sword": [
      11300,
      5.8134465
    ],
    "slu:prestige_drx_aatrox_sword": [
      11300,
      5.8134465
    ],
    "slu:primordian_aatrox_sword": [
      11300,
      5.8134465
    ],
    "slu:radahn_lightning_sword": [
      11300,
      5.8134465
    ],
    "slu:radahn_sword": [
      11300,
      5.8134465
    ],
    "slu:ringed_knight_sword": [
      11300,
      5.8134465
    ],
    "slu:rock_club": [
      11300,
      5.8134465
    ],
    "slu:rusty_steel_mace": [
      11300,
      5.8134465
    ],
    "slu:saber": [
      11300,
      5.8134465
    ],
    "slu:sacred_relic_sword": [
      11300,
      5.8134465
    ],
    "slu:sai": [
      11300,
      5.8134465
    ],
    "slu:saw_cleaver": [
      11300,
      5.8134465
    ],
    "slu:scythe": [
      11300,
      5.8134465
    ],
    "slu:sett_fist": [
      11365,
      5.676922
    ],
    "slu:sickle": [
      11300,
      5.8134465
    ],
    "slu:slave_knight_sword": [
      11300,
      5.8134465
    ],
    "slu:soul_of_cinder_sword": [
      11300,
      5.8134465
    ],
    "slu:spear": [
      11300,
      5.8134465
    ],
    "slu:spiral_sword": [
      11300,
      5.8134465
    ],
    "slu:steel_katana": [
      11300,
      5.8134465
    ],
    "slu:storm_curved_sword": [
      11300,
      5.8134465
    ],
    "slu:talon_claw": [
      11300,
      5.8134465
    ],
    "slu:tower_knight_spear": [
      11300,
      5.8134465
    ],
    "slu:victorious_aatrox_sword": [
      11300,
      5.8134465
    ],
    "slu:viking_axe": [
      11300,
      5.8134465
    ],
    "slu:warrior_king_axe": [
      11300,
      5.8134465
    ],
    "slu:white_flame_sword": [
      11300,
      5.8134465
    ],
    "slu:wizard_sword": [
      11300,
      5.8134465
    ],
    "slu:wolf_knight_sword": [
      11300,
      5.8134465
    ],
    "sw_wukong:dark_wukong_staff": [
      10110,
      8.294472
    ],
    "sw_wukong:ghost_wukong_staff": [
      10937,
      6.5723376
    ],
    "sw_wukong:iron_wukong_staff": [
      12752,
      2.0236118
    ],
    "sw_wukong:wukong_staff": [
      10962,
      6.5202
    ],
    "wom:agony": [
      11652,
      5.069493
    ],
    "wom:antitheus": [
      3028,
      23.323952
    ],
    "wom:diamond_greataxe": [
      11596,
      5.1888037
    ],
    "wom:diamond_staff": [
      7802,
      13.130334
    ],
    "wom:ender_blaster": [
      8864,
      10.897285
    ],
    "wom:golden_greataxe": [
      14306,
      0.0173
    ],
    "wom:golden_staff": [
      14338,
      0.014099999
    ],
    "wom:herrscher": [
      11725,
      4.9131355
    ],
    "wom:iron_greataxe": [
      13865,
      0.57356006
    ],
    "wom:iron_staff": [
      13390,
      1.1961136
    ],
    "wom:moonless": [
      11627,
      5.1228175
    ],
    "wom:netherite_greataxe": [
      10791,
      6.876611
    ],
    "wom:netherite_staff": [
      5784,
      17.410627
    ],
    "wom:ruine": [
      11627,
      5.1228175
    ],
    "wom:satsujin": [
      11557,
      5.271625
    ],
    "wom:solar": [
      11565,
      5.254652
    ],
    "wom:stone_staff": [
      13910,
      0.50295484
    ],
    "wom:tormented_mind": [
      11565,
      5.254652
    ],
    "wom:wooden_staff": [
      14225,
      0.0254
    ],
    "wstweaks:blaze_blade": [
      7280,
      14.233019
    ],
    "wstweaks:lava_blade": [
      7280,
      14.233019
    ]
  },
  "OFFHAND": {
    "cataclysm:black_steel_targe": [
      6909,
      4.1986494
    ],
    "legendary_monsters:dinosaur_bone_shield": [
      3089,
      12.230802
    ],
    "legendary_monsters:frostbitten_shield": [
      7889,
      1.6619366
    ],
    "legendary_monsters:shulker_shield": [
      7689,
      1.9226934
    ],
    "legendary_monsters:spiky_shield": [
      7889,
      1.6619366
    ],
    "minecraft:ender_pearl": [
      8239,
      1.2102311
    ],
    "minecraft:flint_and_steel": [
      8211,
      1.2461817
    ],
    "minecraft:lava_bucket": [
      7839,
      1.7269388
    ],
    "minecraft:shield": [
      7917,
      1.6255897
    ],
    "slu:ashen_shield": [
      6789,
      4.4687543
    ],
    "slu:charred_shield": [
      1389,
      15.825074
    ],
    "slu:charred_silver_shield": [
      1389,
      15.825074
    ],
    "slu:chosen_pantheon_shield": [
      1389,
      15.825074
    ],
    "slu:cross_shield": [
      1389,
      15.825074
    ],
    "slu:crucible_shield": [
      1389,
      15.825074
    ],
    "slu:crusader_shield": [
      1389,
      15.825074
    ],
    "slu:divine_shield": [
      1389,
      15.825074
    ],
    "slu:dragon_guardian_shield": [
      1389,
      15.825074
    ],
    "slu:dragon_skull_shield": [
      1389,
      15.825074
    ],
    "slu:dragon_slayer_shield": [
      1389,
      15.825074
    ],
    "slu:gilded_great_shield": [
      1389,
      15.825074
    ],
    "slu:iron_round_shield": [
      1389,
      15.825074
    ],
    "slu:knight_shield": [
      1389,
      15.825074
    ],
    "slu:mirror_shield": [
      1389,
      15.825074
    ],
    "slu:oni_shield": [
      1389,
      15.825074
    ],
    "slu:rock_shield": [
      1389,
      15.825074
    ],
    "slu:round_shield": [
      1389,
      15.825074
    ],
    "slu:rusty_steel_shield": [
      1389,
      15.825074
    ],
    "slu:siegmeyer_shield": [
      1389,
      15.825074
    ],
    "slu:thorned_shield": [
      1389,
      15.825074
    ],
    "slu:tower_knight_shield": [
      1389,
      15.825074
    ],
    "wom:gesetz": [
      275,
      18.198132
    ]
  },
  "FEET": {
    "aquamirae:abyssal_boots": [
      4618,
      1.6554433
    ],
    "aquamirae:terrible_boots": [
      4672,
      1.5853943
    ],
    "aquamirae:three_bolt_boots": [
      4010,
      3.1174598
    ],
    "cataclysm:cursium_boots": [
      2417,
      6.789111
    ],
    "cataclysm:ignitium_boots": [
      1207,
      9.309818
    ],
    "eeeabsmobs:ghost_warrior_boots": [
      996,
      9.75046
    ],
    "gr_rpg_quest:knight_boots": [
      4172,
      2.2395015
    ],
    "gr_rpg_quest:swordmaster_boots": [
      4808,
      1.4096019
    ],
    "iceandfire:armor_amythest_boots": [
      3028,
      5.510578
    ],
    "iceandfire:armor_black_boots": [
      3028,
      5.510578
    ],
    "iceandfire:armor_blue_boots": [
      3028,
      5.510578
    ],
    "iceandfire:armor_bronze_boots": [
      3028,
      5.510578
    ],
    "iceandfire:armor_copper_boots": [
      3028,
      5.510578
    ],
    "iceandfire:armor_copper_metal_boots": [
      5573,
      0.049
    ],
    "iceandfire:armor_electric_boots": [
      3028,
      5.510578
    ],
    "iceandfire:armor_gray_boots": [
      3028,
      5.510578
    ],
    "iceandfire:armor_green_boots": [
      3028,
      5.510578
    ],
    "iceandfire:armor_red_boots": [
      3028,
      5.510578
    ],
    "iceandfire:armor_sapphire_boots": [
      3028,
      5.510578
    ],
    "iceandfire:armor_silver_boots": [
      3028,
      5.510578
    ],
    "iceandfire:armor_silver_metal_boots": [
      5282,
      0.80001926
    ],
    "iceandfire:armor_white_boots": [
      3028,
      5.510578
    ],
    "iceandfire:deathworm_red_boots": [
      4776,
      1.4508864
    ],
    "iceandfire:deathworm_white_boots": [
      4776,
      1.4508864
    ],
    "iceandfire:deathworm_yellow_boots": [
      4776,
      1.4508864
    ],
    "iceandfire:dragonsteel_fire_boots": [
      61,
      11.709396
    ],
    "iceandfire:dragonsteel_ice_boots": [
      61,
      11.709396
    ],
    "iceandfire:dragonsteel_lightning_boots": [
      61,
      11.709396
    ],
    "iceandfire:forest_troll_leather_boots": [
      4717,
      1.5271299
    ],
    "iceandfire:frost_troll_leather_boots": [
      4717,
      1.5271299
    ],
    "iceandfire:mountain_troll_leather_boots": [
      4717,
      1.5271299
    ],
    "iceandfire:myrmex_desert_boots": [
      4248,
      2.1392972
    ],
    "iceandfire:myrmex_jungle_boots": [
      4248,
      2.1392972
    ],
    "iceandfire:sheep_boots": [
      5757,
      0.030599998
    ],
    "iceandfire:tide_blue_boots": [
      3605,
      4.262535
    ],
    "iceandfire:tide_bronze_boots": [
      3605,
      4.262535
    ],
    "iceandfire:tide_deepblue_boots": [
      3605,
      4.262535
    ],
    "iceandfire:tide_green_boots": [
      3605,
      4.262535
    ],
    "iceandfire:tide_purple_boots": [
      3605,
      4.262535
    ],
    "iceandfire:tide_red_boots": [
      3605,
      4.262535
    ],
    "iceandfire:tide_teal_boots": [
      3605,
      4.262535
    ],
    "illager_additions:beamloger_boots": [
      5819,
      0.0244
    ],
    "illager_additions:cowboy_shoes": [
      5819,
      0.0244
    ],
    "illager_additions:hammer_leaper_boots": [
      5819,
      0.0244
    ],
    "illager_additions:red_samurai_shoes": [
      5819,
      0.0244
    ],
    "illager_additions:royal_guard_spearman_boots": [
      5223,
      0.8764657
    ],
    "illager_additions:samurai_boots": [
      5223,
      0.8764657
    ],
    "illager_additions:samurai_shoes": [
      5819,
      0.0244
    ],
    "irons_spellbooks:archevoker_boots": [
      4122,
      2.3055708
    ],
    "irons_spellbooks:cryomancer_boots": [
      4122,
      2.3055708
    ],
    "irons_spellbooks:cultist_boots": [
      4122,
      2.3055708
    ],
    "irons_spellbooks:electromancer_boots": [
      4122,
      2.3055708
    ],
    "irons_spellbooks:netherite_mage_boots": [
      4109,
      2.3227675
    ],
    "irons_spellbooks:plagued_boots": [
      4122,
      2.3055708
    ],
    "irons_spellbooks:priest_boots": [
      4122,
      2.3055708
    ],
    "irons_spellbooks:pumpkin_boots": [
      4157,
      2.2593102
    ],
    "irons_spellbooks:pyromancer_boots": [
      4122,
      2.3055708
    ],
    "irons_spellbooks:shadowwalker_boots": [
      4122,
      2.3055708
    ],
    "irons_spellbooks:wandering_magician_boots": [
      5018,
      1.1396724
    ],
    "legendary_monsters:atmospheric_boots": [
      3461,
      4.5833874
    ],
    "legendary_monsters:fiery_boots": [
      3988,
      3.22291
    ],
    "minecraft:chainmail_boots": [
      5471,
      0.540316
    ],
    "minecraft:diamond_boots": [
      4555,
      1.7373508
    ],
    "minecraft:golden_boots": [
      5537,
      0.4136078
    ],
    "minecraft:iron_boots": [
      5223,
      0.8764657
    ],
    "minecraft:leather_boots": [
      5819,
      0.0244
    ],
    "minecraft:netherite_boots": [
      4428,
      1.9030677
    ],
    "mowziesmobs:geomancer_sandals": [
      4631,
      1.6385665
    ],
    "mutantmonsters:mutant_skeleton_boots": [
      5118,
      1.0114565
    ],
    "slu:aatrox_boots": [
      3842,
      3.689696
    ],
    "slu:alloy_boots": [
      3842,
      3.689696
    ],
    "slu:ancient_warrior_boots": [
      3842,
      3.689696
    ],
    "slu:apostle_boots": [
      3842,
      3.689696
    ],
    "slu:ashen_knight_boots": [
      3842,
      3.689696
    ],
    "slu:ashen_one_boots": [
      3842,
      3.689696
    ],
    "slu:assassin_boots": [
      3842,
      3.689696
    ],
    "slu:berserk_boots": [
      3842,
      3.689696
    ],
    "slu:black_baron_boots": [
      3842,
      3.689696
    ],
    "slu:black_samurai_boots": [
      3842,
      3.689696
    ],
    "slu:blasphemy_knight_boots": [
      3842,
      3.689696
    ],
    "slu:blood_lord_boots": [
      3842,
      3.689696
    ],
    "slu:bloodmoon_aatrox_boots": [
      3842,
      3.689696
    ],
    "slu:briar_boots": [
      3842,
      3.689696
    ],
    "slu:chaos_knight_boots": [
      3842,
      3.689696
    ],
    "slu:charred_knight_boots": [
      3842,
      3.689696
    ],
    "slu:charred_silver_boots": [
      3842,
      3.689696
    ],
    "slu:chosen_knight_boots": [
      3842,
      3.689696
    ],
    "slu:chosen_pantheon_boots": [
      3842,
      3.689696
    ],
    "slu:clergyman_boots": [
      3842,
      3.689696
    ],
    "slu:conqueror_boots": [
      3842,
      3.689696
    ],
    "slu:creator_viktor_boots": [
      3842,
      3.689696
    ],
    "slu:crucible_knight_boots": [
      3842,
      3.689696
    ],
    "slu:crusader_boots": [
      3842,
      3.689696
    ],
    "slu:dark_ring_boots": [
      3842,
      3.689696
    ],
    "slu:devil_lord_boots": [
      3842,
      3.689696
    ],
    "slu:divine_knight_boots": [
      3964,
      3.318462
    ],
    "slu:dragon_guardian_boots": [
      3842,
      3.689696
    ],
    "slu:dragon_slayer_boots": [
      3842,
      3.689696
    ],
    "slu:druid_boots": [
      3842,
      3.689696
    ],
    "slu:drx_aatrox_boots": [
      3842,
      3.689696
    ],
    "slu:elden_lord_boots": [
      3842,
      3.689696
    ],
    "slu:elderwood_wukong_boots": [
      3842,
      3.689696
    ],
    "slu:explorer_boots": [
      5168,
      0.94727296
    ],
    "slu:fell_omen_king_boots": [
      3842,
      3.689696
    ],
    "slu:fortress_knight_boots": [
      4668,
      1.5905781
    ],
    "slu:full_metal_knight_boots": [
      3842,
      3.689696
    ],
    "slu:ghost_knight_boots": [
      3842,
      3.689696
    ],
    "slu:giant_boots": [
      3842,
      3.689696
    ],
    "slu:godrick_knight_boots": [
      3842,
      3.689696
    ],
    "slu:godrick_soldier_boots": [
      3842,
      3.689696
    ],
    "slu:gunner_boots": [
      3842,
      3.689696
    ],
    "slu:heavy_knight_boots": [
      3842,
      3.689696
    ],
    "slu:highnoon_knight_boots": [
      3842,
      3.689696
    ],
    "slu:hunter_boots": [
      3842,
      3.689696
    ],
    "slu:immortal_knight_boots": [
      3842,
      3.689696
    ],
    "slu:iron_knight_boots": [
      3842,
      3.689696
    ],
    "slu:iron_samurai_boots": [
      3842,
      3.689696
    ],
    "slu:iudex_boots": [
      3842,
      3.689696
    ],
    "slu:jayce_boots": [
      3842,
      3.689696
    ],
    "slu:justicar_aatrox_boots": [
      3842,
      3.689696
    ],
    "slu:kaiser_boots": [
      3842,
      3.689696
    ],
    "slu:kingdom_knight_boots": [
      3842,
      3.689696
    ],
    "slu:lightning_lord_boots": [
      3842,
      3.689696
    ],
    "slu:lion_knight_boots": [
      3842,
      3.689696
    ],
    "slu:lord_boots": [
      3842,
      3.689696
    ],
    "slu:lunar_eclipse_aatrox_boots": [
      3842,
      3.689696
    ],
    "slu:lunatic_boots": [
      3842,
      3.689696
    ],
    "slu:maliketh_boots": [
      3842,
      3.689696
    ],
    "slu:mecha_aatrox_boots": [
      3842,
      3.689696
    ],
    "slu:mercenary_boots": [
      3842,
      3.689696
    ],
    "slu:minecraft_lord_boots": [
      4065,
      2.3810277
    ],
    "slu:night_crow_boots": [
      3842,
      3.689696
    ],
    "slu:nightbringer_boots": [
      3842,
      3.689696
    ],
    "slu:north_knight_boots": [
      3842,
      3.689696
    ],
    "slu:omen_knight_boots": [
      3842,
      3.689696
    ],
    "slu:oni_knight_boots": [
      3842,
      3.689696
    ],
    "slu:paladin_boots": [
      3842,
      3.689696
    ],
    "slu:prestige_bloodmoon_aatrox_boots": [
      3842,
      3.689696
    ],
    "slu:prestige_drx_aatrox_boots": [
      3842,
      3.689696
    ],
    "slu:primordian_aatrox_boots": [
      3842,
      3.689696
    ],
    "slu:red_samurai_boots": [
      3842,
      3.689696
    ],
    "slu:rock_knight_boots": [
      3842,
      3.689696
    ],
    "slu:round_knight_boots": [
      3842,
      3.689696
    ],
    "slu:royal_knight_boots": [
      3842,
      3.689696
    ],
    "slu:rusty_steel_boots": [
      3842,
      3.689696
    ],
    "slu:sett_boots": [
      3842,
      3.689696
    ],
    "slu:skin_boots": [
      3842,
      3.689696
    ],
    "slu:slave_knight_boots": [
      3842,
      3.689696
    ],
    "slu:smough_boots": [
      3842,
      3.689696
    ],
    "slu:solar_knight_boots": [
      3842,
      3.689696
    ],
    "slu:soldier_boots": [
      3842,
      3.689696
    ],
    "slu:steel_guard_boots": [
      3842,
      3.689696
    ],
    "slu:successor_boots": [
      3842,
      3.689696
    ],
    "slu:talon_boots": [
      3842,
      3.689696
    ],
    "slu:tarnished_boots": [
      3842,
      3.689696
    ],
    "slu:thorned_knight_boots": [
      3842,
      3.689696
    ],
    "slu:tower_knight_boots": [
      3842,
      3.689696
    ],
    "slu:valkyrie_boots": [
      3842,
      3.689696
    ],
    "slu:victorious_aatrox_boots": [
      3842,
      3.689696
    ],
    "slu:victorious_knight_boots": [
      3842,
      3.689696
    ],
    "slu:wanderer_boots": [
      3842,
      3.689696
    ],
    "slu:wandering_knight_boots": [
      3842,
      3.689696
    ],
    "slu:warrior_king_boots": [
      3842,
      3.689696
    ],
    "slu:watcher_boots": [
      3842,
      3.689696
    ],
    "slu:weapon_master_boots": [
      3842,
      3.689696
    ],
    "slu:wizard_boots": [
      3842,
      3.689696
    ],
    "slu:wolf_knight_boots": [
      3842,
      3.689696
    ],
    "slu:wukong_boots": [
      3842,
      3.689696
    ],
    "sw_wukong:dark_wukong_boots": [
      1082,
      9.570803
    ],
    "sw_wukong:ghost_wukong_boots": [
      2237,
      7.16399
    ],
    "sw_wukong:iron_wukong_boots": [
      4957,
      1.2179327
    ],
    "sw_wukong:wukong_boots": [
      3221,
      5.1015
    ],
    "wom:diamond_legbottomseal": [
      5287,
      0.7935043
    ],
    "wom:emerald_anklebracelet": [
      5219,
      0.88162655
    ],
    "wom:golden_mokassin": [
      5623,
      0.044
    ],
    "wom:netherite_chains": [
      5150,
      0.9703929
    ]
  },
  "LEGS": {
    "aquamirae:abyssal_leggings": [
      4618,
      1.6554433
    ],
    "aquamirae:terrible_leggings": [
      4672,
      1.5853943
    ],
    "aquamirae:three_bolt_leggings": [
      4010,
      3.1174598
    ],
    "cataclysm:cursium_leggings": [
      2417,
      6.789111
    ],
    "cataclysm:ignitium_leggings": [
      1207,
      9.309818
    ],
    "eeeabsmobs:ghost_warrior_leggings": [
      996,
      9.75046
    ],
    "epicfight:stray_pants": [
      5764,
      0.0299
    ],
    "gr_rpg_quest:divine_lion_leggings": [
      3891,
      3.5538485
    ],
    "gr_rpg_quest:grave_lord_leggings": [
      3891,
      3.5538485
    ],
    "gr_rpg_quest:knight_leggings": [
      4172,
      2.2395015
    ],
    "gr_rpg_quest:swordmaster_leggings": [
      4808,
      1.4096019
    ],
    "iceandfire:armor_amythest_leggings": [
      3028,
      5.510578
    ],
    "iceandfire:armor_black_leggings": [
      3028,
      5.510578
    ],
    "iceandfire:armor_blue_leggings": [
      3028,
      5.510578
    ],
    "iceandfire:armor_bronze_leggings": [
      3028,
      5.510578
    ],
    "iceandfire:armor_copper_leggings": [
      3028,
      5.510578
    ],
    "iceandfire:armor_copper_metal_leggings": [
      5573,
      0.049
    ],
    "iceandfire:armor_electric_leggings": [
      3028,
      5.510578
    ],
    "iceandfire:armor_gray_leggings": [
      3028,
      5.510578
    ],
    "iceandfire:armor_green_leggings": [
      3028,
      5.510578
    ],
    "iceandfire:armor_red_leggings": [
      3028,
      5.510578
    ],
    "iceandfire:armor_sapphire_leggings": [
      3028,
      5.510578
    ],
    "iceandfire:armor_silver_leggings": [
      3028,
      5.510578
    ],
    "iceandfire:armor_silver_metal_leggings": [
      5282,
      0.80001926
    ],
    "iceandfire:armor_white_leggings": [
      3028,
      5.510578
    ],
    "iceandfire:deathworm_red_leggings": [
      4776,
      1.4508864
    ],
    "iceandfire:deathworm_white_leggings": [
      4776,
      1.4508864
    ],
    "iceandfire:deathworm_yellow_leggings": [
      4776,
      1.4508864
    ],
    "iceandfire:dragonsteel_fire_leggings": [
      61,
      11.709396
    ],
    "iceandfire:dragonsteel_ice_leggings": [
      61,
      11.709396
    ],
    "iceandfire:dragonsteel_lightning_leggings": [
      61,
      11.709396
    ],
    "iceandfire:forest_troll_leather_leggings": [
      4717,
      1.5271299
    ],
    "iceandfire:frost_troll_leather_leggings": [
      4717,
      1.5271299
    ],
    "iceandfire:mountain_troll_leather_leggings": [
      4717,
      1.5271299
    ],
    "iceandfire:myrmex_desert_leggings": [
      4248,
      2.1392972
    ],
    "iceandfire:myrmex_jungle_leggings": [
      4248,
      2.1392972
    ],
    "iceandfire:sheep_leggings": [
      5757,
      0.030599998
    ],
    "iceandfire:tide_blue_leggings": [
      3605,
      4.262535
    ],
    "iceandfire:tide_bronze_leggings": [
      3605,
      4.262535
    ],
    "iceandfire:tide_deepblue_leggings": [
      3605,
      4.262535
    ],
    "iceandfire:tide_green_leggings": [
      3605,
      4.262535
    ],
    "iceandfire:tide_purple_leggings": [
      3605,
      4.262535
    ],
    "iceandfire:tide_red_leggings": [
      3605,
      4.262535
    ],
    "iceandfire:tide_teal_leggings": [
      3605,
      4.262535
    ],
    "illager_additions:beamloger_leggings": [
      5819,
      0.0244
    ],
    "illager_additions:cowboy_pants": [
      5819,
      0.0244
    ],
    "illager_additions:guard_legs": [
      5471,
      0.540316
    ],
    "illager_additions:hammer_leaper_leggings": [
      5819,
      0.0244
    ],
    "illager_additions:red_samurai_pants": [
      5819,
      0.0244
    ],
    "illager_additions:royal_guard_spearman_leggings": [
      5223,
      0.8764657
    ],
    "illager_additions:samurai_leggings": [
      5223,
      0.8764657
    ],
    "illager_additions:samurai_pants": [
      5819,
      0.0244
    ],
    "irons_spellbooks:archevoker_leggings": [
      4122,
      2.3055708
    ],
    "irons_spellbooks:cryomancer_leggings": [
      4122,
      2.3055708
    ],
    "irons_spellbooks:cultist_leggings": [
      4122,
      2.3055708
    ],
    "irons_spellbooks:electromancer_leggings": [
      4122,
      2.3055708
    ],
    "irons_spellbooks:netherite_mage_leggings": [
      4109,
      2.3227675
    ],
    "irons_spellbooks:plagued_leggings": [
      4122,
      2.3055708
    ],
    "irons_spellbooks:priest_leggings": [
      4122,
      2.3055708
    ],
    "irons_spellbooks:pumpkin_leggings": [
      4157,
      2.2593102
    ],
    "irons_spellbooks:pyromancer_leggings": [
      4122,
      2.3055708
    ],
    "irons_spellbooks:shadowwalker_leggings": [
      4122,
      2.3055708
    ],
    "irons_spellbooks:wandering_magician_leggings": [
      5018,
      1.1396724
    ],
    "minecraft:chainmail_leggings": [
      5471,
      0.540316
    ],
    "minecraft:diamond_leggings": [
      4555,
      1.7373508
    ],
    "minecraft:golden_leggings": [
      5537,
      0.4136078
    ],
    "minecraft:iron_leggings": [
      5223,
      0.8764657
    ],
    "minecraft:leather_leggings": [
      5819,
      0.0244
    ],
    "minecraft:netherite_leggings": [
      4428,
      1.9030677
    ],
    "mowziesmobs:geomancer_belt": [
      4631,
      1.6385665
    ],
    "mutantmonsters:mutant_skeleton_leggings": [
      5118,
      1.0114565
    ],
    "slu:aatrox_leggings": [
      3842,
      3.689696
    ],
    "slu:alloy_leggings": [
      3842,
      3.689696
    ],
    "slu:ancient_warrior_leggings": [
      3842,
      3.689696
    ],
    "slu:apostle_leggings": [
      3842,
      3.689696
    ],
    "slu:ashen_knight_leggings": [
      3842,
      3.689696
    ],
    "slu:ashen_one_leggings": [
      3842,
      3.689696
    ],
    "slu:assassin_leggings": [
      3842,
      3.689696
    ],
    "slu:berserk_leggings": [
      3842,
      3.689696
    ],
    "slu:black_baron_leggings": [
      3842,
      3.689696
    ],
    "slu:black_samurai_leggings": [
      3842,
      3.689696
    ],
    "slu:blasphemy_knight_leggings": [
      3842,
      3.689696
    ],
    "slu:blood_lord_leggings": [
      3842,
      3.689696
    ],
    "slu:bloodmoon_aatrox_leggings": [
      3842,
      3.689696
    ],
    "slu:briar_leggings": [
      3842,
      3.689696
    ],
    "slu:chaos_knight_leggings": [
      3842,
      3.689696
    ],
    "slu:charred_knight_leggings": [
      3842,
      3.689696
    ],
    "slu:charred_silver_leggings": [
      3842,
      3.689696
    ],
    "slu:chosen_knight_leggings": [
      3842,
      3.689696
    ],
    "slu:chosen_pantheon_leggings": [
      3842,
      3.689696
    ],
    "slu:clergyman_leggings": [
      3842,
      3.689696
    ],
    "slu:conqueror_leggings": [
      3842,
      3.689696
    ],
    "slu:creator_viktor_leggings": [
      3842,
      3.689696
    ],
    "slu:crucible_knight_leggings": [
      3842,
      3.689696
    ],
    "slu:crusader_leggings": [
      3842,
      3.689696
    ],
    "slu:dark_ring_leggings": [
      3842,
      3.689696
    ],
    "slu:devil_lord_leggings": [
      3842,
      3.689696
    ],
    "slu:divine_knight_leggings": [
      3964,
      3.318462
    ],
    "slu:dragon_guardian_leggings": [
      3842,
      3.689696
    ],
    "slu:dragon_slayer_leggings": [
      3842,
      3.689696
    ],
    "slu:druid_leggings": [
      3842,
      3.689696
    ],
    "slu:drx_aatrox_leggings": [
      3842,
      3.689696
    ],
    "slu:elden_lord_leggings": [
      3842,
      3.689696
    ],
    "slu:elderwood_wukong_leggings": [
      3842,
      3.689696
    ],
    "slu:explorer_leggings": [
      5168,
      0.94727296
    ],
    "slu:fell_omen_king_leggings": [
      3842,
      3.689696
    ],
    "slu:fortress_knight_leggings": [
      4668,
      1.5905781
    ],
    "slu:full_metal_knight_leggings": [
      3842,
      3.689696
    ],
    "slu:ghost_knight_leggings": [
      3842,
      3.689696
    ],
    "slu:giant_leggings": [
      3842,
      3.689696
    ],
    "slu:godrick_knight_leggings": [
      3842,
      3.689696
    ],
    "slu:godrick_soldier_leggings": [
      3842,
      3.689696
    ],
    "slu:gunner_leggings": [
      3842,
      3.689696
    ],
    "slu:heavy_knight_leggings": [
      3842,
      3.689696
    ],
    "slu:highnoon_knight_leggings": [
      3842,
      3.689696
    ],
    "slu:hunter_leggings": [
      3842,
      3.689696
    ],
    "slu:immortal_knight_leggings": [
      3842,
      3.689696
    ],
    "slu:iron_knight_leggings": [
      3842,
      3.689696
    ],
    "slu:iron_samurai_leggings": [
      3842,
      3.689696
    ],
    "slu:iudex_leggings": [
      3842,
      3.689696
    ],
    "slu:jayce_leggings": [
      3842,
      3.689696
    ],
    "slu:justicar_aatrox_leggings": [
      3842,
      3.689696
    ],
    "slu:kaiser_leggings": [
      3842,
      3.689696
    ],
    "slu:kingdom_knight_leggings": [
      3842,
      3.689696
    ],
    "slu:lightning_lord_leggings": [
      3842,
      3.689696
    ],
    "slu:lion_knight_leggings": [
      3842,
      3.689696
    ],
    "slu:lord_leggings": [
      3842,
      3.689696
    ],
    "slu:lunar_eclipse_aatrox_leggings": [
      3842,
      3.689696
    ],
    "slu:lunatic_leggings": [
      3842,
      3.689696
    ],
    "slu:maliketh_leggings": [
      3842,
      3.689696
    ],
    "slu:mecha_aatrox_leggings": [
      3842,
      3.689696
    ],
    "slu:mercenary_leggings": [
      3842,
      3.689696
    ],
    "slu:minecraft_lord_leggings": [
      4065,
      2.3810277
    ],
    "slu:night_crow_leggings": [
      3842,
      3.689696
    ],
    "slu:nightbringer_leggings": [
      3842,
      3.689696
    ],
    "slu:north_knight_leggings": [
      3842,
      3.689696
    ],
    "slu:omen_knight_leggings": [
      3842,
      3.689696
    ],
    "slu:oni_knight_leggings": [
      3842,
      3.689696
    ],
    "slu:paladin_leggings": [
      3842,
      3.689696
    ],
    "slu:prestige_bloodmoon_aatrox_leggings": [
      3842,
      3.689696
    ],
    "slu:prestige_drx_aatrox_leggings": [
      3842,
      3.689696
    ],
    "slu:primordian_aatrox_leggings": [
      3842,
      3.689696
    ],
    "slu:red_samurai_leggings": [
      3842,
      3.689696
    ],
    "slu:rock_knight_leggings": [
      3842,
      3.689696
    ],
    "slu:round_knight_leggings": [
      3842,
      3.689696
    ],
    "slu:royal_knight_leggings": [
      3842,
      3.689696
    ],
    "slu:rusty_steel_leggings": [
      3842,
      3.689696
    ],
    "slu:sett_leggings": [
      3842,
      3.689696
    ],
    "slu:skin_leggings": [
      3842,
      3.689696
    ],
    "slu:slave_knight_leggings": [
      3842,
      3.689696
    ],
    "slu:smough_leggings": [
      3842,
      3.689696
    ],
    "slu:solar_knight_leggings": [
      3842,
      3.689696
    ],
    "slu:soldier_leggings": [
      3842,
      3.689696
    ],
    "slu:steel_guard_leggings": [
      3842,
      3.689696
    ],
    "slu:successor_leggings": [
      3842,
      3.689696
    ],
    "slu:talon_leggings": [
      3842,
      3.689696
    ],
    "slu:tarnished_leggings": [
      3842,
      3.689696
    ],
    "slu:thorned_knight_leggings": [
      3842,
      3.689696
    ],
    "slu:tower_knight_leggings": [
      3842,
      3.689696
    ],
    "slu:valkyrie_leggings": [
      3842,
      3.689696
    ],
    "slu:victorious_aatrox_leggings": [
      3842,
      3.689696
    ],
    "slu:victorious_knight_leggings": [
      3842,
      3.689696
    ],
    "slu:wanderer_leggings": [
      3842,
      3.689696
    ],
    "slu:wandering_knight_leggings": [
      3842,
      3.689696
    ],
    "slu:warrior_king_leggings": [
      3842,
      3.689696
    ],
    "slu:watcher_leggings": [
      3842,
      3.689696
    ],
    "slu:weapon_master_leggings": [
      3842,
      3.689696
    ],
    "slu:wizard_leggings": [
      3842,
      3.689696
    ],
    "slu:wolf_knight_leggings": [
      3842,
      3.689696
    ],
    "slu:wukong_leggings": [
      3842,
      3.689696
    ],
    "sw_wukong:dark_wukong_leggings": [
      1082,
      9.570803
    ],
    "sw_wukong:ghost_wukong_leggings": [
      2237,
      7.16399
    ],
    "sw_wukong:iron_wukong_leggings": [
      4957,
      1.2179327
    ],
    "sw_wukong:wukong_leggings": [
      3221,
      5.1015
    ],
    "wom:diamond_legtopseal": [
      5327,
      0.74107856
    ],
    "wom:emerald_tasset": [
      5265,
      0.8221206
    ],
    "wom:golden_chrono": [
      5652,
      0.0411
    ],
    "wom:netherite_belt": [
      5201,
      0.9048254
    ]
  },
  "CHEST": {
    "aquamirae:abyssal_brigantine": [
      4618,
      1.6554433
    ],
    "aquamirae:terrible_chestplate": [
      4672,
      1.5853943
    ],
    "aquamirae:three_bolt_suit": [
      4010,
      3.1174598
    ],
    "cataclysm:bloom_stone_pauldrons": [
      4028,
      3.0056863
    ],
    "cataclysm:bone_reptile_chestplate": [
      2248,
      7.1410875
    ],
    "cataclysm:cursium_chestplate": [
      2417,
      6.789111
    ],
    "cataclysm:ignitium_chestplate": [
      1207,
      9.309818
    ],
    "cataclysm:ignitium_elytra_chestplate": [
      1207,
      9.309818
    ],
    "eeeabsmobs:ghost_warrior_chestplate": [
      996,
      9.75046
    ],
    "epicfight:stray_robe": [
      5764,
      0.0299
    ],
    "gr_rpg_quest:divine_lion_chestplate": [
      3891,
      3.5538485
    ],
    "gr_rpg_quest:grave_lord_chestplate": [
      3891,
      3.5538485
    ],
    "gr_rpg_quest:knight_chestplate": [
      4172,
      2.2395015
    ],
    "gr_rpg_quest:swordmaster_chestplate": [
      4808,
      1.4096019
    ],
    "iceandfire:armor_amythest_chestplate": [
      3028,
      5.510578
    ],
    "iceandfire:armor_black_chestplate": [
      3028,
      5.510578
    ],
    "iceandfire:armor_blue_chestplate": [
      3028,
      5.510578
    ],
    "iceandfire:armor_bronze_chestplate": [
      3028,
      5.510578
    ],
    "iceandfire:armor_copper_chestplate": [
      3028,
      5.510578
    ],
    "iceandfire:armor_copper_metal_chestplate": [
      5573,
      0.049
    ],
    "iceandfire:armor_electric_chestplate": [
      3028,
      5.510578
    ],
    "iceandfire:armor_gray_chestplate": [
      3028,
      5.510578
    ],
    "iceandfire:armor_green_chestplate": [
      3028,
      5.510578
    ],
    "iceandfire:armor_red_chestplate": [
      3028,
      5.510578
    ],
    "iceandfire:armor_sapphire_chestplate": [
      3028,
      5.510578
    ],
    "iceandfire:armor_silver_chestplate": [
      3028,
      5.510578
    ],
    "iceandfire:armor_silver_metal_chestplate": [
      5282,
      0.80001926
    ],
    "iceandfire:armor_white_chestplate": [
      3028,
      5.510578
    ],
    "iceandfire:deathworm_red_chestplate": [
      4776,
      1.4508864
    ],
    "iceandfire:deathworm_white_chestplate": [
      4776,
      1.4508864
    ],
    "iceandfire:deathworm_yellow_chestplate": [
      4776,
      1.4508864
    ],
    "iceandfire:dragonsteel_fire_chestplate": [
      61,
      11.709396
    ],
    "iceandfire:dragonsteel_ice_chestplate": [
      61,
      11.709396
    ],
    "iceandfire:dragonsteel_lightning_chestplate": [
      61,
      11.709396
    ],
    "iceandfire:forest_troll_leather_chestplate": [
      4717,
      1.5271299
    ],
    "iceandfire:frost_troll_leather_chestplate": [
      4717,
      1.5271299
    ],
    "iceandfire:mountain_troll_leather_chestplate": [
      4717,
      1.5271299
    ],
    "iceandfire:myrmex_desert_chestplate": [
      4248,
      2.1392972
    ],
    "iceandfire:myrmex_jungle_chestplate": [
      4248,
      2.1392972
    ],
    "iceandfire:sheep_chestplate": [
      5757,
      0.030599998
    ],
    "iceandfire:tide_blue_chestplate": [
      3605,
      4.262535
    ],
    "iceandfire:tide_bronze_chestplate": [
      3605,
      4.262535
    ],
    "iceandfire:tide_deepblue_chestplate": [
      3605,
      4.262535
    ],
    "iceandfire:tide_green_chestplate": [
      3605,
      4.262535
    ],
    "iceandfire:tide_purple_chestplate": [
      3605,
      4.262535
    ],
    "iceandfire:tide_red_chestplate": [
      3605,
      4.262535
    ],
    "iceandfire:tide_teal_chestplate": [
      3605,
      4.262535
    ],
    "illager_additions:beamloger_chestplate": [
      5819,
      0.0244
    ],
    "illager_additions:cowboy_robes": [
      5819,
      0.0244
    ],
    "illager_additions:guard_chestplate": [
      5223,
      0.8764657
    ],
    "illager_additions:hammer_leaper_chestplate": [
      5819,
      0.0244
    ],
    "illager_additions:red_samurai_robes": [
      5819,
      0.0244
    ],
    "illager_additions:royal_guard_spearman_chestplate": [
      5223,
      0.8764657
    ],
    "illager_additions:samurai_chestplate": [
      5223,
      0.8764657
    ],
    "illager_additions:samurai_robes": [
      5819,
      0.0244
    ],
    "illager_additions:shogun_chestplate": [
      5223,
      0.8764657
    ],
    "irons_spellbooks:archevoker_chestplate": [
      4122,
      2.3055708
    ],
    "irons_spellbooks:cryomancer_chestplate": [
      4122,
      2.3055708
    ],
    "irons_spellbooks:cultist_chestplate": [
      4122,
      2.3055708
    ],
    "irons_spellbooks:electromancer_chestplate": [
      4122,
      2.3055708
    ],
    "irons_spellbooks:netherite_mage_chestplate": [
      4109,
      2.3227675
    ],
    "irons_spellbooks:plagued_chestplate": [
      4122,
      2.3055708
    ],
    "irons_spellbooks:priest_chestplate": [
      4122,
      2.3055708
    ],
    "irons_spellbooks:pumpkin_chestplate": [
      4157,
      2.2593102
    ],
    "irons_spellbooks:pyromancer_chestplate": [
      4122,
      2.3055708
    ],
    "irons_spellbooks:shadowwalker_chestplate": [
      4122,
      2.3055708
    ],
    "irons_spellbooks:wandering_magician_chestplate": [
      5018,
      1.1396724
    ],
    "legendary_monsters:mossy_chestplate": [
      3255,
      5.028895
    ],
    "legendary_monsters:withered_ribcage": [
      3885,
      3.571134
    ],
    "minecraft:chainmail_chestplate": [
      5471,
      0.540316
    ],
    "minecraft:diamond_chestplate": [
      4555,
      1.7373508
    ],
    "minecraft:golden_chestplate": [
      5537,
      0.4136078
    ],
    "minecraft:iron_chestplate": [
      5223,
      0.8764657
    ],
    "minecraft:leather_chestplate": [
      5819,
      0.0244
    ],
    "minecraft:netherite_chestplate": [
      4428,
      1.9030677
    ],
    "mowziesmobs:geomancer_robe": [
      4631,
      1.6385665
    ],
    "mutantmonsters:mutant_skeleton_chestplate": [
      5118,
      1.0114565
    ],
    "quark:backpack": [
      5819,
      0.0244
    ],
    "slu:aatrox_chestplate": [
      3842,
      3.689696
    ],
    "slu:alloy_chestplate": [
      3842,
      3.689696
    ],
    "slu:ancient_warrior_chestplate": [
      3842,
      3.689696
    ],
    "slu:apostle_chestplate": [
      3842,
      3.689696
    ],
    "slu:ashen_knight_chestplate": [
      3842,
      3.689696
    ],
    "slu:ashen_one_chestplate": [
      3842,
      3.689696
    ],
    "slu:assassin_chestplate": [
      3842,
      3.689696
    ],
    "slu:berserk_chestplate": [
      3842,
      3.689696
    ],
    "slu:black_baron_chestplate": [
      3842,
      3.689696
    ],
    "slu:black_samurai_chestplate": [
      3842,
      3.689696
    ],
    "slu:blasphemy_knight_chestplate": [
      3842,
      3.689696
    ],
    "slu:blood_lord_chestplate": [
      3842,
      3.689696
    ],
    "slu:bloodmoon_aatrox_chestplate": [
      3842,
      3.689696
    ],
    "slu:briar_chestplate": [
      3842,
      3.689696
    ],
    "slu:chaos_knight_chestplate": [
      3842,
      3.689696
    ],
    "slu:charred_knight_chestplate": [
      3842,
      3.689696
    ],
    "slu:charred_silver_chestplate": [
      3842,
      3.689696
    ],
    "slu:chosen_knight_chestplate": [
      3842,
      3.689696
    ],
    "slu:chosen_pantheon_chestplate": [
      3842,
      3.689696
    ],
    "slu:clergyman_chestplate": [
      3842,
      3.689696
    ],
    "slu:conqueror_chestplate": [
      3842,
      3.689696
    ],
    "slu:creator_viktor_chestplate": [
      3842,
      3.689696
    ],
    "slu:crucible_knight_chestplate": [
      3842,
      3.689696
    ],
    "slu:crusader_chestplate": [
      3842,
      3.689696
    ],
    "slu:dark_ring_chestplate": [
      3842,
      3.689696
    ],
    "slu:devil_lord_chestplate": [
      3842,
      3.689696
    ],
    "slu:divine_knight_chestplate": [
      3964,
      3.318462
    ],
    "slu:dragon_guardian_chestplate": [
      3842,
      3.689696
    ],
    "slu:dragon_slayer_chestplate": [
      3842,
      3.689696
    ],
    "slu:druid_chestplate": [
      3842,
      3.689696
    ],
    "slu:drx_aatrox_chestplate": [
      3842,
      3.689696
    ],
    "slu:elden_beast_chestplate": [
      4065,
      2.3810277
    ],
    "slu:elden_lord_chestplate": [
      3842,
      3.689696
    ],
    "slu:elderwood_wukong_chestplate": [
      3842,
      3.689696
    ],
    "slu:explorer_chestplate": [
      5168,
      0.94727296
    ],
    "slu:fell_omen_king_chestplate": [
      3842,
      3.689696
    ],
    "slu:fortress_knight_chestplate": [
      4668,
      1.5905781
    ],
    "slu:full_metal_knight_chestplate": [
      3842,
      3.689696
    ],
    "slu:ghost_knight_chestplate": [
      3842,
      3.689696
    ],
    "slu:giant_chestplate": [
      3842,
      3.689696
    ],
    "slu:godrick_knight_chestplate": [
      3842,
      3.689696
    ],
    "slu:godrick_soldier_chestplate": [
      3842,
      3.689696
    ],
    "slu:gunner_chestplate": [
      3842,
      3.689696
    ],
    "slu:heavy_knight_chestplate": [
      3842,
      3.689696
    ],
    "slu:highnoon_knight_chestplate": [
      3842,
      3.689696
    ],
    "slu:hunter_chestplate": [
      3842,
      3.689696
    ],
    "slu:immortal_knight_chestplate": [
      3842,
      3.689696
    ],
    "slu:iron_knight_chestplate": [
      3842,
      3.689696
    ],
    "slu:iron_samurai_chestplate": [
      3842,
      3.689696
    ],
    "slu:iudex_chestplate": [
      3842,
      3.689696
    ],
    "slu:jayce_chestplate": [
      3842,
      3.689696
    ],
    "slu:justicar_aatrox_chestplate": [
      3842,
      3.689696
    ],
    "slu:kaiser_chestplate": [
      3842,
      3.689696
    ],
    "slu:kingdom_knight_chestplate": [
      3842,
      3.689696
    ],
    "slu:lightning_lord_chestplate": [
      3842,
      3.689696
    ],
    "slu:lion_knight_chestplate": [
      3842,
      3.689696
    ],
    "slu:lord_chestplate": [
      3842,
      3.689696
    ],
    "slu:lunar_eclipse_aatrox_chestplate": [
      3842,
      3.689696
    ],
    "slu:lunatic_chestplate": [
      3842,
      3.689696
    ],
    "slu:maliketh_chestplate": [
      3842,
      3.689696
    ],
    "slu:mecha_aatrox_chestplate": [
      3842,
      3.689696
    ],
    "slu:mercenary_chestplate": [
      3842,
      3.689696
    ],
    "slu:minecraft_lord_chestplate": [
      4065,
      2.3810277
    ],
    "slu:night_crow_chestplate": [
      3842,
      3.689696
    ],
    "slu:nightbringer_chestplate": [
      3842,
      3.689696
    ],
    "slu:north_knight_chestplate": [
      3842,
      3.689696
    ],
    "slu:omen_knight_chestplate": [
      3842,
      3.689696
    ],
    "slu:oni_knight_chestplate": [
      3842,
      3.689696
    ],
    "slu:paladin_chestplate": [
      3842,
      3.689696
    ],
    "slu:prestige_bloodmoon_aatrox_chestplate": [
      3842,
      3.689696
    ],
    "slu:prestige_drx_aatrox_chestplate": [
      3842,
      3.689696
    ],
    "slu:primordian_aatrox_chestplate": [
      3842,
      3.689696
    ],
    "slu:red_samurai_chestplate": [
      3842,
      3.689696
    ],
    "slu:rock_knight_chestplate": [
      3842,
      3.689696
    ],
    "slu:round_knight_chestplate": [
      3842,
      3.689696
    ],
    "slu:royal_knight_chestplate": [
      3842,
      3.689696
    ],
    "slu:rusty_steel_chestplate": [
      3842,
      3.689696
    ],
    "slu:scarlet_rot_wing_chestplate": [
      4065,
      2.3810277
    ],
    "slu:sett_chestplate": [
      3842,
      3.689696
    ],
    "slu:skin_chestplate": [
      3842,
      3.689696
    ],
    "slu:slave_knight_chestplate": [
      3842,
      3.689696
    ],
    "slu:smough_chestplate": [
      3842,
      3.689696
    ],
    "slu:solar_knight_chestplate": [
      3842,
      3.689696
    ],
    "slu:soldier_chestplate": [
      3842,
      3.689696
    ],
    "slu:steel_guard_chestplate": [
      3842,
      3.689696
    ],
    "slu:successor_chestplate": [
      3842,
      3.689696
    ],
    "slu:talon_chestplate": [
      3842,
      3.689696
    ],
    "slu:tarnished_chestplate": [
      3842,
      3.689696
    ],
    "slu:thorned_knight_chestplate": [
      3842,
      3.689696
    ],
    "slu:tower_knight_chestplate": [
      3842,
      3.689696
    ],
    "slu:valkyrie_chestplate": [
      3842,
      3.689696
    ],
    "slu:victorious_aatrox_chestplate": [
      3842,
      3.689696
    ],
    "slu:victorious_knight_chestplate": [
      3842,
      3.689696
    ],
    "slu:wanderer_chestplate": [
      3842,
      3.689696
    ],
    "slu:wandering_knight_chestplate": [
      3842,
      3.689696
    ],
    "slu:warrior_king_chestplate": [
      3842,
      3.689696
    ],
    "slu:watcher_chestplate": [
      3842,
      3.689696
    ],
    "slu:weapon_master_chestplate": [
      3842,
      3.689696
    ],
    "slu:winged_crucible_knight_chestplate": [
      3842,
      3.689696
    ],
    "slu:wizard_chestplate": [
      3842,
      3.689696
    ],
    "slu:wolf_knight_chestplate": [
      3842,
      3.689696
    ],
    "slu:wukong_chestplate": [
      3842,
      3.689696
    ],
    "sw_wukong:dark_wukong_chestplate": [
      1082,
      9.570803
    ],
    "sw_wukong:ghost_wukong_chestplate": [
      2237,
      7.16399
    ],
    "sw_wukong:iron_wukong_chestplate": [
      4957,
      1.2179327
    ],
    "sw_wukong:wukong_chestplate": [
      3221,
      5.1015
    ],
    "wom:diamond_armbracelet": [
      5343,
      0.7199134
    ],
    "wom:emerald_chakra": [
      5283,
      0.7987168
    ],
    "wom:golden_kit": [
      5663,
      0.04
    ],
    "wom:netherite_manicle": [
      5222,
      0.8777561
    ]
  },
  "HEAD": {
    "aquamirae:abyssal_heaume": [
      4577,
      1.6554433
    ],
    "aquamirae:abyssal_tiara": [
      4238,
      2.0985024
    ],
    "aquamirae:terrible_helmet": [
      4631,
      1.5853943
    ],
    "aquamirae:three_bolt_helmet": [
      3969,
      3.1174598
    ],
    "cataclysm:bone_reptile_helmet": [
      2207,
      7.1410875
    ],
    "cataclysm:cursium_helmet": [
      2376,
      6.789111
    ],
    "cataclysm:ignitium_helmet": [
      1166,
      9.309818
    ],
    "cataclysm:monstrous_helm": [
      4387,
      1.9030677
    ],
    "dungeons_plus:frosted_cowl": [
      5568,
      0.045399997
    ],
    "eeeabsmobs:ghost_warrior_helmet": [
      955,
      9.75046
    ],
    "epic_stats_mod_remastered:witch_hat_helmet": [
      5140,
      0.9305621
    ],
    "epicfight:stray_hat": [
      5723,
      0.0299
    ],
    "gr_rpg_quest:bamboo_hat_helmet": [
      4767,
      1.4096019
    ],
    "gr_rpg_quest:knight_helmet": [
      4131,
      2.2395015
    ],
    "gr_rpg_quest:swordmaster_helmet": [
      4767,
      1.4096019
    ],
    "iceandfire:armor_amythest_helmet": [
      2987,
      5.510578
    ],
    "iceandfire:armor_black_helmet": [
      2987,
      5.510578
    ],
    "iceandfire:armor_blue_helmet": [
      2987,
      5.510578
    ],
    "iceandfire:armor_bronze_helmet": [
      2987,
      5.510578
    ],
    "iceandfire:armor_copper_helmet": [
      2987,
      5.510578
    ],
    "iceandfire:armor_copper_metal_helmet": [
      5532,
      0.049
    ],
    "iceandfire:armor_electric_helmet": [
      2987,
      5.510578
    ],
    "iceandfire:armor_gray_helmet": [
      2987,
      5.510578
    ],
    "iceandfire:armor_green_helmet": [
      2987,
      5.510578
    ],
    "iceandfire:armor_red_helmet": [
      2987,
      5.510578
    ],
    "iceandfire:armor_sapphire_helmet": [
      2987,
      5.510578
    ],
    "iceandfire:armor_silver_helmet": [
      2987,
      5.510578
    ],
    "iceandfire:armor_silver_metal_helmet": [
      5241,
      0.80001926
    ],
    "iceandfire:armor_white_helmet": [
      2987,
      5.510578
    ],
    "iceandfire:blindfold": [
      5873,
      0.0149
    ],
    "iceandfire:deathworm_red_helmet": [
      4735,
      1.4508864
    ],
    "iceandfire:deathworm_white_helmet": [
      4735,
      1.4508864
    ],
    "iceandfire:deathworm_yellow_helmet": [
      4735,
      1.4508864
    ],
    "iceandfire:dragonsteel_fire_helmet": [
      20,
      11.709396
    ],
    "iceandfire:dragonsteel_ice_helmet": [
      20,
      11.709396
    ],
    "iceandfire:dragonsteel_lightning_helmet": [
      20,
      11.709396
    ],
    "iceandfire:earplugs": [
      5873,
      0.0149
    ],
    "iceandfire:forest_troll_leather_helmet": [
      4676,
      1.5271299
    ],
    "iceandfire:frost_troll_leather_helmet": [
      4676,
      1.5271299
    ],
    "iceandfire:mountain_troll_leather_helmet": [
      4676,
      1.5271299
    ],
    "iceandfire:myrmex_desert_helmet": [
      4207,
      2.1392972
    ],
    "iceandfire:myrmex_jungle_helmet": [
      4207,
      2.1392972
    ],
    "iceandfire:sheep_helmet": [
      5716,
      0.030599998
    ],
    "iceandfire:tide_blue_helmet": [
      3564,
      4.262535
    ],
    "iceandfire:tide_bronze_helmet": [
      3564,
      4.262535
    ],
    "iceandfire:tide_deepblue_helmet": [
      3564,
      4.262535
    ],
    "iceandfire:tide_green_helmet": [
      3564,
      4.262535
    ],
    "iceandfire:tide_purple_helmet": [
      3564,
      4.262535
    ],
    "iceandfire:tide_red_helmet": [
      3564,
      4.262535
    ],
    "iceandfire:tide_teal_helmet": [
      3564,
      4.262535
    ],
    "illager_additions:beamloger_helmet": [
      5778,
      0.0244
    ],
    "illager_additions:cowboy_hat": [
      5778,
      0.0244
    ],
    "illager_additions:guard_helmet": [
      5182,
      0.8764657
    ],
    "illager_additions:hammer_leaper_helmet": [
      5778,
      0.0244
    ],
    "illager_additions:royal_guard_spearman_helmet": [
      5182,
      0.8764657
    ],
    "illager_additions:samurai_helmet": [
      5182,
      0.8764657
    ],
    "illager_additions:shogun_helmet": [
      5182,
      0.8764657
    ],
    "irons_spellbooks:archevoker_helmet": [
      4081,
      2.3055708
    ],
    "irons_spellbooks:cryomancer_helmet": [
      4081,
      2.3055708
    ],
    "irons_spellbooks:cultist_helmet": [
      4081,
      2.3055708
    ],
    "irons_spellbooks:electromancer_helmet": [
      4081,
      2.3055708
    ],
    "irons_spellbooks:gold_crown": [
      4172,
      2.1854107
    ],
    "irons_spellbooks:netherite_mage_helmet": [
      4068,
      2.3227675
    ],
    "irons_spellbooks:plagued_helmet": [
      4081,
      2.3055708
    ],
    "irons_spellbooks:priest_helmet": [
      4081,
      2.3055708
    ],
    "irons_spellbooks:pumpkin_helmet": [
      4116,
      2.2593102
    ],
    "irons_spellbooks:pyromancer_helmet": [
      4081,
      2.3055708
    ],
    "irons_spellbooks:shadowwalker_helmet": [
      4081,
      2.3055708
    ],
    "irons_spellbooks:tarnished_helmet": [
      5772,
      0.024999999
    ],
    "irons_spellbooks:wandering_magician_helmet": [
      4977,
      1.1396724
    ],
    "legendary_monsters:blastproof_helmet": [
      4180,
      2.1748655
    ],
    "legendary_monsters:chorus_mask": [
      4299,
      2.0183623
    ],
    "legendary_monsters:dinosaur_bone_helmet": [
      4092,
      2.2910256
    ],
    "legendary_monsters:shulker_helmet": [
      4267,
      2.0603807
    ],
    "minecraft:chainmail_helmet": [
      5430,
      0.540316
    ],
    "minecraft:diamond_helmet": [
      4514,
      1.7373508
    ],
    "minecraft:golden_helmet": [
      5496,
      0.4136078
    ],
    "minecraft:iron_helmet": [
      5182,
      0.8764657
    ],
    "minecraft:leather_helmet": [
      5778,
      0.0244
    ],
    "minecraft:netherite_helmet": [
      4387,
      1.9030677
    ],
    "minecraft:shulker_shell": [
      5941,
      0.0081
    ],
    "minecraft:turtle_helmet": [
      5126,
      0.948558
    ],
    "mowziesmobs:geomancer_beads": [
      4590,
      1.6385665
    ],
    "mowziesmobs:sol_visage": [
      5592,
      0.042999998
    ],
    "mowziesmobs:umvuthana_mask_bliss": [
      5866,
      0.015599999
    ],
    "mowziesmobs:umvuthana_mask_faith": [
      5866,
      0.015599999
    ],
    "mowziesmobs:umvuthana_mask_fear": [
      5866,
      0.015599999
    ],
    "mowziesmobs:umvuthana_mask_fury": [
      5866,
      0.015599999
    ],
    "mowziesmobs:umvuthana_mask_misery": [
      5866,
      0.015599999
    ],
    "mowziesmobs:umvuthana_mask_rage": [
      5866,
      0.015599999
    ],
    "mowziesmobs:wrought_helmet": [
      5596,
      0.0426
    ],
    "quark:forgotten_hat": [
      5778,
      0.0244
    ],
    "slu:aatrox_helmet": [
      3801,
      3.689696
    ],
    "slu:alloy_helmet": [
      3801,
      3.689696
    ],
    "slu:ancient_warrior_helmet": [
      3801,
      3.689696
    ],
    "slu:apostle_helmet": [
      3801,
      3.689696
    ],
    "slu:ashen_knight_helmet": [
      3801,
      3.689696
    ],
    "slu:ashen_one_helmet": [
      3801,
      3.689696
    ],
    "slu:assassin_helmet": [
      3801,
      3.689696
    ],
    "slu:berserk_helmet": [
      3801,
      3.689696
    ],
    "slu:black_baron_helmet": [
      3801,
      3.689696
    ],
    "slu:black_samurai_helmet": [
      3801,
      3.689696
    ],
    "slu:blasphemy_knight_helmet": [
      3801,
      3.689696
    ],
    "slu:blood_lord_helmet": [
      3801,
      3.689696
    ],
    "slu:bloodmoon_aatrox_helmet": [
      3801,
      3.689696
    ],
    "slu:briar_helmet": [
      3801,
      3.689696
    ],
    "slu:chaos_knight_helmet": [
      3801,
      3.689696
    ],
    "slu:charred_knight_helmet": [
      3801,
      3.689696
    ],
    "slu:charred_silver_helmet": [
      3801,
      3.689696
    ],
    "slu:chosen_knight_helmet": [
      3801,
      3.689696
    ],
    "slu:chosen_pantheon_helmet": [
      3801,
      3.689696
    ],
    "slu:clergyman_helmet": [
      3801,
      3.689696
    ],
    "slu:conqueror_helmet": [
      3801,
      3.689696
    ],
    "slu:creator_viktor_helmet": [
      3801,
      3.689696
    ],
    "slu:crucible_knight_helmet": [
      3801,
      3.689696
    ],
    "slu:crusader_helmet": [
      3801,
      3.689696
    ],
    "slu:dark_ring_helmet": [
      3801,
      3.689696
    ],
    "slu:devil_lord_helmet": [
      3801,
      3.689696
    ],
    "slu:divine_knight_helmet": [
      3923,
      3.318462
    ],
    "slu:dragon_guardian_helmet": [
      3801,
      3.689696
    ],
    "slu:dragon_slayer_helmet": [
      3801,
      3.689696
    ],
    "slu:druid_helmet": [
      3801,
      3.689696
    ],
    "slu:drx_aatrox_helmet": [
      3801,
      3.689696
    ],
    "slu:elden_beast_helmet": [
      4024,
      2.3810277
    ],
    "slu:elden_lord_helmet": [
      3801,
      3.689696
    ],
    "slu:elderwood_wukong_helmet": [
      3801,
      3.689696
    ],
    "slu:explorer_helmet": [
      5127,
      0.94727296
    ],
    "slu:fell_omen_king_helmet": [
      3801,
      3.689696
    ],
    "slu:fortress_knight_helmet": [
      4627,
      1.5905781
    ],
    "slu:full_metal_knight_helmet": [
      3801,
      3.689696
    ],
    "slu:ghost_knight_helmet": [
      3801,
      3.689696
    ],
    "slu:giant_helmet": [
      3801,
      3.689696
    ],
    "slu:godrick_knight_helmet": [
      3801,
      3.689696
    ],
    "slu:godrick_soldier_helmet": [
      3801,
      3.689696
    ],
    "slu:gunner_helmet": [
      3801,
      3.689696
    ],
    "slu:heavy_knight_helmet": [
      3801,
      3.689696
    ],
    "slu:highnoon_knight_helmet": [
      3801,
      3.689696
    ],
    "slu:horned_crucible_knight_helmet": [
      3801,
      3.689696
    ],
    "slu:hunter_helmet": [
      3801,
      3.689696
    ],
    "slu:immortal_knight_helmet": [
      3801,
      3.689696
    ],
    "slu:iron_knight_helmet": [
      3801,
      3.689696
    ],
    "slu:iron_samurai_helmet": [
      3801,
      3.689696
    ],
    "slu:iudex_helmet": [
      3801,
      3.689696
    ],
    "slu:jayce_helmet": [
      3801,
      3.689696
    ],
    "slu:justicar_aatrox_helmet": [
      3801,
      3.689696
    ],
    "slu:kaiser_helmet": [
      3801,
      3.689696
    ],
    "slu:kingdom_knight_helmet": [
      3801,
      3.689696
    ],
    "slu:lightning_lord_helmet": [
      3801,
      3.689696
    ],
    "slu:lion_knight_helmet": [
      3801,
      3.689696
    ],
    "slu:lord_helmet": [
      3801,
      3.689696
    ],
    "slu:lunar_eclipse_aatrox_helmet": [
      3801,
      3.689696
    ],
    "slu:lunatic_helmet": [
      3801,
      3.689696
    ],
    "slu:maliketh_helmet": [
      3801,
      3.689696
    ],
    "slu:mecha_aatrox_helmet": [
      3801,
      3.689696
    ],
    "slu:mercenary_helmet": [
      3801,
      3.689696
    ],
    "slu:minecraft_lord_helmet": [
      4024,
      2.3810277
    ],
    "slu:night_crow_helmet": [
      3801,
      3.689696
    ],
    "slu:nightbringer_helmet": [
      3801,
      3.689696
    ],
    "slu:north_knight_helmet": [
      3801,
      3.689696
    ],
    "slu:omen_knight_helmet": [
      3801,
      3.689696
    ],
    "slu:oni_knight_helmet": [
      3801,
      3.689696
    ],
    "slu:paladin_helmet": [
      3801,
      3.689696
    ],
    "slu:pot_mask_helmet": [
      3801,
      3.689696
    ],
    "slu:prestige_bloodmoon_aatrox_helmet": [
      3801,
      3.689696
    ],
    "slu:prestige_drx_aatrox_helmet": [
      3801,
      3.689696
    ],
    "slu:primordian_aatrox_helmet": [
      3801,
      3.689696
    ],
    "slu:red_samurai_helmet": [
      3801,
      3.689696
    ],
    "slu:rock_knight_helmet": [
      3801,
      3.689696
    ],
    "slu:round_knight_helmet": [
      3801,
      3.689696
    ],
    "slu:royal_knight_helmet": [
      3801,
      3.689696
    ],
    "slu:rusty_steel_helmet": [
      3801,
      3.689696
    ],
    "slu:sett_helmet": [
      3801,
      3.689696
    ],
    "slu:skin_helmet": [
      3801,
      3.689696
    ],
    "slu:slave_knight_helmet": [
      3801,
      3.689696
    ],
    "slu:smough_helmet": [
      3801,
      3.689696
    ],
    "slu:solar_knight_helmet": [
      3801,
      3.689696
    ],
    "slu:soldier_helmet": [
      3801,
      3.689696
    ],
    "slu:steel_guard_helmet": [
      3801,
      3.689696
    ],
    "slu:successor_helmet": [
      3801,
      3.689696
    ],
    "slu:talon_helmet": [
      3801,
      3.689696
    ],
    "slu:tarnished_helmet": [
      3801,
      3.689696
    ],
    "slu:thorned_knight_helmet": [
      3801,
      3.689696
    ],
    "slu:tower_knight_helmet": [
      3801,
      3.689696
    ],
    "slu:valkyrie_helmet": [
      3801,
      3.689696
    ],
    "slu:victorious_aatrox_helmet": [
      3801,
      3.689696
    ],
    "slu:victorious_knight_helmet": [
      3801,
      3.689696
    ],
    "slu:wanderer_helmet": [
      3801,
      3.689696
    ],
    "slu:wandering_knight_helmet": [
      3801,
      3.689696
    ],
    "slu:warrior_king_helmet": [
      3801,
      3.689696
    ],
    "slu:watcher_helmet": [
      3801,
      3.689696
    ],
    "slu:weapon_master_helmet": [
      3801,
      3.689696
    ],
    "slu:wizard_helmet": [
      3801,
      3.689696
    ],
    "slu:wolf_knight_helmet": [
      3801,
      3.689696
    ],
    "slu:wukong_helmet": [
      3801,
      3.689696
    ],
    "sw_wukong:dark_wukong_helmet": [
      1041,
      9.570803
    ],
    "sw_wukong:ghost_wukong_helmet": [
      2196,
      7.16399
    ],
    "sw_wukong:iron_wukong_helmet": [
      4916,
      1.2179327
    ],
    "sw_wukong:wukong_helmet": [
      3180,
      5.1015
    ],
    "wom:diamond_crown": [
      5191,
      0.86484563
    ],
    "wom:emerald_earrings": [
      5115,
      0.9626882
    ],
    "wom:golden_monocle": [
      5543,
      0.0479
    ],
    "wom:netherite_mask": [
      5038,
      1.061466
    ]
  }
}